1444041592,2015-10-05 10:39:52,21.75,21.83,20193.86,601
1444041592,2015-10-05 10:39:52,21.75,21.89,20059.84,601
1444041592,2015-10-05 10:39:52,21.75,21.98,19068.01,601
1444041592,2015-10-05 10:39:52,21.75,22.10,19541.60,601
1444041592,2015-10-05 10:39:52,22.75,22.23,19299.26,601
1444041592,2015-10-05 10:39:52,22.75,22.24,19284.38,601
1444041592,2015-10-05 10:39:52,21.25,23.01,  0.00,600
1444042263,2015-10-05 10:51:03,22.25,23.88,  0.32,602
1444042934,2015-10-05 11:02:14,22.00,24.32,  0.32,602
1444043605,2015-10-05 11:13:25,27.50,26.79,  0.32,602
1444044277,2015-10-05 11:24:37,24.75,26.53,  0.32,602
1444044948,2015-10-05 11:35:48,23.50,26.08,  0.32,602
1444045619,2015-10-05 11:46:59,22.50,24.06,  0.32,601
1444046290,2015-10-05 11:58:10,21.50,23.18,  0.32,602
1444046961,2015-10-05 12:09:21,21.75,22.40,  0.00,601
1444047632,2015-10-05 12:20:32,19.75,21.18,1400.24,602
1444048302,2015-10-05 12:31:42,19.75,21.18,2747.98,601
1444048972,2015-10-05 12:42:52,19.75,21.10,2740.58,601
1444049642,2015-10-05 12:54:02,19.50,21.10,2740.96,601
1444050312,2015-10-05 13:05:12,19.50,21.01,2719.97,601
1444050983,2015-10-05 13:16:23,19.50,21.01,2720.96,601
1444051653,2015-10-05 13:27:33,19.50,20.92,2721.11,601
1444052323,2015-10-05 13:38:43,19.50,20.92,2719.25,601
1444052993,2015-10-05 13:49:53,19.50,20.92,2716.93,601
1444053663,2015-10-05 14:01:03,19.50,20.92,2714.86,601
1444054334,2015-10-05 14:12:14,19.25,20.85,2713.08,601
1444055004,2015-10-05 14:23:24,19.25,20.92,2719.31,601
1444055674,2015-10-05 14:34:34,19.25,20.92,2719.94,601
1444056344,2015-10-05 14:45:44,19.25,20.92,2711.20,601
1444057014,2015-10-05 14:56:54,19.25,20.84,2716.89,601
1444057684,2015-10-05 15:08:04,19.25,20.84,2713.32,601
1444058355,2015-10-05 15:19:15,19.25,20.84,2709.48,601
1444059025,2015-10-05 15:30:25,19.25,20.75,2708.25,601
1444059695,2015-10-05 15:41:35,19.25,20.75,2706.58,601
1444060365,2015-10-05 15:52:45,19.25,20.75,2703.93,601
1444061035,2015-10-05 16:03:55,19.25,20.75,2702.90,601
1444061705,2015-10-05 16:15:05,19.00,20.58,2670.73,601
1444062375,2015-10-05 16:26:15,19.00,20.58,2687.71,601
1444063045,2015-10-05 16:37:25,19.00,20.42,2691.66,601
1444063715,2015-10-05 16:48:35,19.00,20.58,2689.64,601
1444064385,2015-10-05 16:59:45,19.00,20.49,2678.78,601
1444065056,2015-10-05 17:10:56,19.00,20.49,2670.90,601
1444065726,2015-10-05 17:22:06,19.00,20.40,2684.87,601
1444066396,2015-10-05 17:33:16,18.75,20.30,2669.04,601
1444067066,2015-10-05 17:44:26,18.75,20.32,2668.82,601
1444067736,2015-10-05 17:55:36,18.75,20.32,2667.78,601
1444068406,2015-10-05 18:06:46,18.75,20.32,2650.76,601
1444069076,2015-10-05 18:17:56,18.75,20.23,2664.57,601
1444069746,2015-10-05 18:29:06,18.75,20.23,2665.81,601
1444070416,2015-10-05 18:40:16,18.75,20.23,2663.12,601
1444071086,2015-10-05 18:51:26,18.50,20.14,2670.49,601
1444071756,2015-10-05 19:02:36,18.50,20.14,2652.90,601
1444072426,2015-10-05 19:13:46,18.50,20.06,2654.65,601
1444073096,2015-10-05 19:24:56,18.50,20.06,2654.02,601
1444073766,2015-10-05 19:36:06,18.50,19.97,2646.69,601
1444074435,2015-10-05 19:47:15,18.50,19.97,2642.99,601
1444075105,2015-10-05 19:58:25,18.50,20.06,2652.43,601
1444075775,2015-10-05 20:09:35,18.50,20.06,2655.36,601
1444076445,2015-10-05 20:20:45,18.50,20.14,2660.64,601
1444077115,2015-10-05 20:31:55,18.50,20.14,2660.56,601
1444077785,2015-10-05 20:43:05,18.50,20.14,2660.20,601
1444078455,2015-10-05 20:54:15,18.50,20.06,2656.17,601
1444079125,2015-10-05 21:05:25,18.50,20.06,2656.41,601
1444079795,2015-10-05 21:16:35,18.50,20.06,2654.46,601
1444080465,2015-10-05 21:27:45,18.50,20.07,2647.01,601
1444081135,2015-10-05 21:38:55,18.50,20.14,2649.38,601
1444081805,2015-10-05 21:50:05,18.50,20.14,2654.97,601
1444082475,2015-10-05 22:01:15,18.50,20.14,2653.17,601
1444083145,2015-10-05 22:12:25,18.50,20.06,2650.21,600
1444083815,2015-10-05 22:23:35,18.50,20.06,2650.16,601
1444084485,2015-10-05 22:34:45,18.50,20.51,2648.32,601
1444085155,2015-10-05 22:45:55,18.50,20.06,2646.66,601
1444085825,2015-10-05 22:57:05,18.50,20.00,2645.13,600
1444086495,2015-10-05 23:08:15,18.50,20.06,2644.85,600
1444087164,2015-10-05 23:19:24,18.50,20.06,2634.00,601
1444087834,2015-10-05 23:30:34,18.50,20.06,2637.59,601
1444088504,2015-10-05 23:41:44,18.50,20.06,2637.60,600
1444089174,2015-10-05 23:52:54,18.50,20.06,2636.22,600
1444089844,2015-10-06 00:04:04,18.50,20.06,2636.43,601
1444090514,2015-10-06 00:15:14,18.50,20.06,2634.30,600
1444091184,2015-10-06 00:26:24,18.50,19.97,2631.91,600
1444091854,2015-10-06 00:37:34,18.50,19.97,2631.23,600
1444092524,2015-10-06 00:48:44,18.50,19.90,2627.55,600
1444093194,2015-10-06 00:59:54,18.25,19.97,2621.47,601
1444093864,2015-10-06 01:11:04,18.50,19.97,2625.38,601
1444094534,2015-10-06 01:22:14,18.50,19.97,2624.36,600
1444095204,2015-10-06 01:33:24,18.50,19.97,2623.05,600
1444095873,2015-10-06 01:44:33,18.50,19.97,2621.14,601
1444096543,2015-10-06 01:55:43,18.50,19.97,2620.87,600
1444097213,2015-10-06 02:06:53,18.50,19.97,2620.31,601
1444097883,2015-10-06 02:18:03,18.50,19.97,2618.61,600
1444098553,2015-10-06 02:29:13,18.50,19.97,2617.25,600
1444099223,2015-10-06 02:40:23,18.50,19.97,2611.11,600
1444099893,2015-10-06 02:51:33,18.50,19.97,2616.86,600
1444100563,2015-10-06 03:02:43,18.75,20.06,2618.16,600
1444101233,2015-10-06 03:13:53,18.75,20.14,2621.51,600
1444101903,2015-10-06 03:25:03,19.50,20.32,2622.58,600
1444102574,2015-10-06 03:36:14,20.00,20.49,2625.95,600
1444103244,2015-10-06 03:47:24,20.25,20.54,2628.22,600
1444103914,2015-10-06 03:58:34,20.50,20.66,2631.68,600
1444104585,2015-10-06 04:09:45,20.75,20.75,2635.81,600
1444105255,2015-10-06 04:20:55,21.00,20.84,2635.15,600
1444105926,2015-10-06 04:32:06,21.25,20.85,2641.78,600
1444106596,2015-10-06 04:43:16,21.25,20.94,2648.06,600
1444107267,2015-10-06 04:54:27,21.50,21.01,2645.43,600
1444107938,2015-10-06 05:05:38,21.50,21.10,2654.02,600
1444108609,2015-10-06 05:16:49,21.75,21.10,2657.37,600
1444109279,2015-10-06 05:27:59,21.75,21.01,2652.82,600
1444109950,2015-10-06 05:39:10,22.00,21.27,2655.42,600
1444110621,2015-10-06 05:50:21,21.75,21.27,2659.23,600
1444111292,2015-10-06 06:01:32,22.25,21.13,2651.27,600
1444111962,2015-10-06 06:12:42,22.25,21.27,2662.42,600
1444112633,2015-10-06 06:23:53,21.50,21.18,2666.52,600
1444113304,2015-10-06 06:35:04,20.75,21.27,2670.61,600
1444113974,2015-10-06 06:46:14,20.75,21.10,2669.03,600
1444114645,2015-10-06 06:57:25,21.00,21.18,2667.76,600
1444115315,2015-10-06 07:08:35,21.75,21.37,2666.67,600
1444115986,2015-10-06 07:19:46,22.00,21.27,2666.10,600
1444116657,2015-10-06 07:30:57,22.50,21.29,2662.27,600
1444117328,2015-10-06 07:42:08,22.50,21.36,2659.68,600
1444117999,2015-10-06 07:53:19,22.25,21.44,2685.97,600
1444118670,2015-10-06 08:04:30,22.75,21.88,2683.88,600
1444119341,2015-10-06 08:15:41,23.25,21.79,2685.44,600
1444120012,2015-10-06 08:26:52,23.25,21.88,2684.81,600
1444120683,2015-10-06 08:38:03,23.25,21.70,2674.99,600
1444121354,2015-10-06 08:49:14,23.25,21.76,2681.82,600
1444122025,2015-10-06 09:00:25,22.75,21.44,2663.98,600
1444122696,2015-10-06 09:11:36,22.75,21.53,2682.84,600
1444123367,2015-10-06 09:22:47,22.75,21.65,2682.15,600
1444124038,2015-10-06 09:33:58,22.75,21.62,2679.78,600
1444124709,2015-10-06 09:45:09,22.75,21.62,2676.51,600
1444125380,2015-10-06 09:56:20,22.75,21.58,2685.57,600
1444126051,2015-10-06 10:07:31,22.75,21.96,2708.32,600
1444126722,2015-10-06 10:18:42,22.25,21.88,2695.64,600
1444127393,2015-10-06 10:29:53,22.50,21.79,2694.28,599
1444128064,2015-10-06 10:41:04,22.00,21.70,2680.81,600
1444128735,2015-10-06 10:52:15,22.25,21.88,2700.91,600
1444129406,2015-10-06 11:03:26,22.25,21.96,2704.71,600
1444130076,2015-10-06 11:14:36,21.50,21.93,2692.54,600
1444130747,2015-10-06 11:25:47,21.00,21.65,2691.22,600
1444131418,2015-10-06 11:36:58,20.75,21.88,2704.47,600
1444132088,2015-10-06 11:48:08,20.75,21.88,2702.46,600
1444132759,2015-10-06 11:59:19,20.50,21.70,2691.86,600
1444133429,2015-10-06 12:10:29,20.25,21.69,2687.32,600
1444134099,2015-10-06 12:21:39,20.25,21.62,2684.69,600
1444134770,2015-10-06 12:32:50,20.25,21.84,2690.32,600
1444135440,2015-10-06 12:44:00,20.25,21.63,2692.18,599
1444136110,2015-10-06 12:55:10,20.00,21.55,2679.95,600
1444136781,2015-10-06 13:06:21,20.00,21.55,2686.05,599
1444137451,2015-10-06 13:17:31,20.00,21.53,2686.71,600
1444138121,2015-10-06 13:28:41,20.00,21.53,2686.66,600
1444138792,2015-10-06 13:39:52,20.00,21.36,2677.48,600
1444139462,2015-10-06 13:51:02,20.00,21.44,2682.82,600
1444140132,2015-10-06 14:02:12,20.00,21.44,2680.88,600
1444140803,2015-10-06 14:13:23,20.00,21.43,2679.41,600
1444141473,2015-10-06 14:24:33,20.00,21.36,2677.70,600
1444142143,2015-10-06 14:35:43,19.75,21.36,2672.77,599
1444142813,2015-10-06 14:46:53,19.75,21.36,2678.71,599
1444143484,2015-10-06 14:58:04,20.00,21.36,2681.23,600
1444144154,2015-10-06 15:09:14,19.75,21.18,2677.89,600
1444144824,2015-10-06 15:20:24,19.75,20.94,2679.10,600
1444145494,2015-10-06 15:31:34,19.75,21.10,2673.67,600
1444146165,2015-10-06 15:42:45,19.75,21.01,2664.15,599
1444146835,2015-10-06 15:53:55,19.50,21.01,2655.90,599
1444147505,2015-10-06 16:05:05,19.50,21.01,2661.87,600
1444148175,2015-10-06 16:16:15,19.75,21.10,2659.05,599
1444148845,2015-10-06 16:27:25,19.50,20.85,2641.34,599
1444149515,2015-10-06 16:38:35,19.50,20.80,2627.25,600
1444150186,2015-10-06 16:49:46,19.50,20.71,2626.53,600
1444150856,2015-10-06 17:00:56,19.50,20.84,2637.52,599
1444151526,2015-10-06 17:12:06,19.50,20.75,2629.93,599
1444152196,2015-10-06 17:23:16,19.25,20.70,2624.81,599
1444152866,2015-10-06 17:34:26,19.25,20.66,2624.61,599
1444153536,2015-10-06 17:45:36,19.50,20.92,2653.59,599
1444154206,2015-10-06 17:56:46,19.50,21.01,2658.08,599
1444154877,2015-10-06 18:07:57,19.50,20.92,2667.41,599
1444155547,2015-10-06 18:19:07,19.50,21.01,2682.83,599
1444156217,2015-10-06 18:30:17,19.50,21.01,2674.58,599
1444156887,2015-10-06 18:41:27,19.50,21.01,2678.81,599
1444157557,2015-10-06 18:52:37,19.50,20.92,2638.62,599
1444158227,2015-10-06 19:03:47,19.25,20.84,2673.47,599
1444158897,2015-10-06 19:14:57,19.25,20.84,2673.16,599
1444159568,2015-10-06 19:26:08,19.25,20.84,2668.48,599
1444160238,2015-10-06 19:37:18,19.25,20.75,2659.42,599
1444160908,2015-10-06 19:48:28,19.25,20.75,2667.50,599
1444161578,2015-10-06 19:59:38,19.25,20.75,2668.93,599
1444162248,2015-10-06 20:10:48,19.25,20.75,2670.03,599
1444162918,2015-10-06 20:21:58,19.25,20.75,2669.44,600
1444163588,2015-10-06 20:33:08,19.25,20.75,2669.01,600
1444164258,2015-10-06 20:44:18,19.25,20.75,2670.10,599
1444164928,2015-10-06 20:55:28,19.25,20.75,2669.40,599
1444165598,2015-10-06 21:06:38,19.25,20.75,2669.82,599
1444166268,2015-10-06 21:17:48,19.00,20.70,2669.81,599
1444166939,2015-10-06 21:28:59,19.00,20.73,2664.75,599
1444167609,2015-10-06 21:40:09,19.00,20.66,2670.32,599
1444168279,2015-10-06 21:51:19,19.00,20.66,2670.79,599
1444168949,2015-10-06 22:02:29,19.00,20.66,2668.70,599
1444169619,2015-10-06 22:13:39,19.00,20.66,2671.12,599
1444170289,2015-10-06 22:24:49,19.00,20.99,2670.59,599
1444170959,2015-10-06 22:35:59,19.00,20.64,2670.39,599
1444171629,2015-10-06 22:47:09,19.00,20.58,2669.32,599
1444172299,2015-10-06 22:58:19,19.00,20.58,2669.50,599
1444172969,2015-10-06 23:09:29,19.00,20.58,2664.34,599
1444173639,2015-10-06 23:20:39,19.00,20.58,2669.20,599
1444174309,2015-10-06 23:31:49,19.00,20.58,2668.68,599
1444174979,2015-10-06 23:42:59,19.00,20.49,2668.06,599
1444175649,2015-10-06 23:54:09,19.00,20.49,2667.52,599
1444176319,2015-10-07 00:05:19,18.75,20.38,2645.08,599
1444176989,2015-10-07 00:16:29,18.75,20.40,2651.97,599
1444177659,2015-10-07 00:27:39,18.75,20.40,2658.65,599
1444178329,2015-10-07 00:38:49,18.75,20.32,2656.14,599
1444178999,2015-10-07 00:49:59,18.75,20.32,2649.00,599
1444179669,2015-10-07 01:01:09,18.75,20.32,2655.80,599
1444180339,2015-10-07 01:12:19,18.75,20.23,2644.08,599
1444181009,2015-10-07 01:23:29,18.75,20.23,2653.47,599
1444181679,2015-10-07 01:34:39,18.75,20.23,2649.45,599
1444182349,2015-10-07 01:45:49,18.75,20.14,2651.31,599
1444183019,2015-10-07 01:56:59,18.75,20.14,2650.07,599
1444183689,2015-10-07 02:08:09,18.75,20.14,2653.71,599
1444184359,2015-10-07 02:19:19,18.75,20.14,2656.56,599
1444185029,2015-10-07 02:30:29,18.75,20.14,2654.13,599
1444185699,2015-10-07 02:41:39,19.00,20.32,2696.25,599
1444186369,2015-10-07 02:52:49,19.25,20.37,2698.59,599
1444187039,2015-10-07 03:03:59,19.25,20.40,2702.33,599
1444187709,2015-10-07 03:15:09,19.25,20.40,2708.09,599
1444188379,2015-10-07 03:26:19,19.25,20.49,2711.04,599
1444189049,2015-10-07 03:37:29,19.25,20.49,2712.11,599
1444189719,2015-10-07 03:48:39,19.50,20.49,2717.16,599
1444190389,2015-10-07 03:59:49,19.50,20.54,2720.48,599
1444191059,2015-10-07 04:10:59,19.50,20.58,2719.86,599
1444191729,2015-10-07 04:22:09,19.75,20.58,2721.01,599
1444192400,2015-10-07 04:33:20,19.75,20.66,2733.46,599
1444193070,2015-10-07 04:44:30,20.00,20.70,2737.84,599
1444193740,2015-10-07 04:55:40,20.25,20.75,2742.51,598
1444194410,2015-10-07 05:06:50,20.50,20.87,2749.74,599
1444195081,2015-10-07 05:18:01,20.50,20.91,2749.67,599
1444195751,2015-10-07 05:29:11,20.50,20.58,2698.11,599
1444196422,2015-10-07 05:40:22,21.50,21.10,2763.40,598
1444197092,2015-10-07 05:51:32,20.75,21.01,2757.23,599
1444197763,2015-10-07 06:02:43,20.25,20.66,2725.95,598
1444198433,2015-10-07 06:13:53,20.25,20.92,2738.16,599
1444199103,2015-10-07 06:25:03,20.50,20.78,2736.23,598
1444199774,2015-10-07 06:36:14,20.50,21.10,2770.71,598
1444200444,2015-10-07 06:47:24,21.75,20.92,2738.01,598
1444201115,2015-10-07 06:58:35,20.25,20.84,2756.04,599
1444201785,2015-10-07 07:09:45,20.25,20.75,2733.52,598
1444202455,2015-10-07 07:20:55,20.25,21.01,2781.31,598
1444203126,2015-10-07 07:32:06,21.00,21.10,2754.41,599
1444203796,2015-10-07 07:43:16,21.75,21.10,2752.78,599
1444204467,2015-10-07 07:54:27,21.75,21.01,2736.14,599
1444205138,2015-10-07 08:05:38,22.25,21.62,2788.63,599
1444205809,2015-10-07 08:16:49,22.50,21.46,2762.69,598
1444206479,2015-10-07 08:27:59,21.25,21.18,2766.48,599
1444207150,2015-10-07 08:39:10,21.00,21.18,2765.23,598
1444207820,2015-10-07 08:50:20,20.50,21.27,2794.01,598
1444208491,2015-10-07 09:01:31,20.25,21.10,2762.36,598
1444209161,2015-10-07 09:12:41,20.75,21.10,2765.03,598
1444209831,2015-10-07 09:23:51,20.25,21.10,2772.34,598
1444210502,2015-10-07 09:35:02,20.50,21.10,2767.27,598
1444211172,2015-10-07 09:46:12,20.25,21.08,2776.49,598
1444211842,2015-10-07 09:57:22,20.75,21.10,2767.57,598
1444212513,2015-10-07 10:08:33,21.00,21.27,2784.01,598
1444213184,2015-10-07 10:19:44,21.00,21.17,2770.47,598
1444213854,2015-10-07 10:30:54,20.25,21.10,2776.87,598
1444214524,2015-10-07 10:42:04,20.25,21.10,2774.61,598
1444215195,2015-10-07 10:53:15,20.50,21.10,2789.41,598
1444215865,2015-10-07 11:04:25,20.25,21.18,2776.62,599
1444216535,2015-10-07 11:15:35,20.00,21.01,2776.25,598
1444217205,2015-10-07 11:26:45,20.00,21.18,2784.45,598
1444217876,2015-10-07 11:37:56,20.00,21.10,2786.05,598
1444218546,2015-10-07 11:49:06,20.00,21.27,2800.38,598
1444219216,2015-10-07 12:00:16,20.00,21.18,2786.03,599
1444219886,2015-10-07 12:11:26,19.75,21.18,2790.48,598
1444220557,2015-10-07 12:22:37,19.75,21.18,2790.57,598
1444221227,2015-10-07 12:33:47,19.75,21.18,2794.46,598
1444221897,2015-10-07 12:44:57,19.75,21.27,2793.90,598
1444222567,2015-10-07 12:56:07,19.75,21.27,2801.48,598
1444223238,2015-10-07 13:07:18,19.75,21.36,2826.55,598
1444223908,2015-10-07 13:18:28,19.75,21.36,2822.90,598
1444224578,2015-10-07 13:29:38,19.75,21.36,2822.17,598
1444225248,2015-10-07 13:40:48,19.75,21.36,2824.13,598
1444225918,2015-10-07 13:51:58,19.75,21.36,2832.72,598
1444226589,2015-10-07 14:03:09,19.75,21.36,2839.73,598
1444227259,2015-10-07 14:14:19,19.75,21.36,2842.01,598
1444227929,2015-10-07 14:25:29,19.75,21.36,2852.95,598
1444228599,2015-10-07 14:36:39,19.75,21.27,2861.08,598
1444229269,2015-10-07 14:47:49,19.75,21.27,2844.97,598
1444229939,2015-10-07 14:58:59,19.75,21.27,2838.20,598
1444230610,2015-10-07 15:10:10,19.75,21.27,2850.29,598
1444231280,2015-10-07 15:21:20,19.75,21.18,2830.71,598
1444231950,2015-10-07 15:32:30,19.75,21.18,2851.45,598
1444232620,2015-10-07 15:43:40,19.50,21.18,2848.07,598
1444233290,2015-10-07 15:54:50,19.50,21.18,2852.33,597
1444233960,2015-10-07 16:06:00,19.50,21.18,2840.09,598
1444234631,2015-10-07 16:17:11,19.50,21.18,2842.33,598
1444235301,2015-10-07 16:28:21,19.50,21.18,2848.78,598
1444235971,2015-10-07 16:39:31,19.50,21.10,2846.78,598
1444236641,2015-10-07 16:50:41,19.50,21.10,2849.00,598
1444237311,2015-10-07 17:01:51,19.50,21.10,2849.96,598
1444237981,2015-10-07 17:13:01,19.50,21.10,2849.56,598
1444238651,2015-10-07 17:24:11,19.50,21.10,2846.30,598
1444239321,2015-10-07 17:35:21,19.50,21.10,2847.41,598
1444239991,2015-10-07 17:46:31,19.50,21.01,2840.77,598
1444240662,2015-10-07 17:57:42,19.50,21.01,2847.12,598
1444241332,2015-10-07 18:08:52,19.50,21.01,2844.87,598
1444242002,2015-10-07 18:20:02,19.50,21.01,2845.91,598
1444242672,2015-10-07 18:31:12,19.50,21.01,2845.49,598
1444243342,2015-10-07 18:42:22,19.50,20.92,2843.27,597
1444244012,2015-10-07 18:53:32,19.25,20.92,2840.38,598
1444244682,2015-10-07 19:04:42,19.25,20.91,2837.84,598
1444245352,2015-10-07 19:15:52,19.25,20.92,2838.19,598
1444246022,2015-10-07 19:27:02,19.25,20.85,2833.35,598
1444246692,2015-10-07 19:38:12,19.25,20.84,2838.03,598
1444247362,2015-10-07 19:49:22,19.25,20.84,2837.58,598
1444248032,2015-10-07 20:00:32,19.25,20.84,2837.72,597
1444248702,2015-10-07 20:11:42,19.25,20.84,2840.26,597
1444249372,2015-10-07 20:22:52,19.25,20.84,2839.87,600
1444250042,2015-10-07 20:34:02,19.25,20.75,2841.15,598
1444250713,2015-10-07 20:45:13,19.25,20.75,2840.04,597
1444251383,2015-10-07 20:56:23,19.25,20.75,2842.24,598
1444252053,2015-10-07 21:07:33,19.25,20.75,2838.31,598
1444252723,2015-10-07 21:18:43,19.25,20.75,2830.62,597
1444253393,2015-10-07 21:29:53,19.25,20.71,2835.89,597
1444254063,2015-10-07 21:41:03,19.00,20.66,2836.26,598
1444254733,2015-10-07 21:52:13,19.00,20.66,2836.06,598
1444255403,2015-10-07 22:03:23,19.00,20.66,2835.75,597
1444256073,2015-10-07 22:14:33,19.00,20.66,2837.62,598
1444256743,2015-10-07 22:25:43,19.00,20.66,2836.71,597
1444257413,2015-10-07 22:36:53,19.00,20.66,2836.02,598
1444258083,2015-10-07 22:48:03,19.00,20.77,2835.93,597
1444258753,2015-10-07 22:59:13,19.00,20.58,2810.73,598
1444259423,2015-10-07 23:10:23,19.00,20.49,2790.44,597
1444260092,2015-10-07 23:21:32,19.00,20.40,2788.61,598
1444260762,2015-10-07 23:32:42,19.00,20.44,2870.77,597
1444261432,2015-10-07 23:43:52,19.00,20.49,2858.96,597
1444262102,2015-10-07 23:55:02,19.00,20.49,2868.79,597
1444262772,2015-10-08 00:06:12,18.75,20.47,2895.12,598
1444263442,2015-10-08 00:17:22,18.75,20.40,2872.21,597
1444264112,2015-10-08 00:28:32,18.75,20.40,2854.01,597
1444264782,2015-10-08 00:39:42,18.75,20.40,2843.53,598
1444265452,2015-10-08 00:50:52,18.75,20.38,2854.72,597
1444266122,2015-10-08 01:02:02,18.75,20.32,2860.69,597
1444266792,2015-10-08 01:13:12,18.75,20.26,2876.96,597
1444267462,2015-10-08 01:24:22,18.75,20.32,2880.97,597
1444268132,2015-10-08 01:35:32,18.75,20.32,2874.98,597
1444268802,2015-10-08 01:46:42,18.75,20.32,2882.08,597
1444269472,2015-10-08 01:57:52,18.75,20.32,2881.14,597
1444270141,2015-10-08 02:09:01,18.75,20.25,2868.84,598
1444270811,2015-10-08 02:20:11,18.75,20.32,2876.62,597
1444271481,2015-10-08 02:31:21,19.00,20.37,2950.96,597
1444272151,2015-10-08 02:42:31,19.00,20.40,2974.97,597
1444272821,2015-10-08 02:53:41,19.25,20.49,2981.24,597
1444273491,2015-10-08 03:04:51,19.25,20.49,2979.25,597
1444274161,2015-10-08 03:16:01,19.50,20.49,2993.51,597
1444274832,2015-10-08 03:27:12,19.75,20.58,2997.81,597
1444275502,2015-10-08 03:38:22,20.00,20.66,3005.64,597
1444276172,2015-10-08 03:49:32,20.25,20.75,2999.79,597
1444276842,2015-10-08 04:00:42,20.25,20.84,3005.89,597
1444277513,2015-10-08 04:11:53,20.50,21.10,2978.83,597
1444278183,2015-10-08 04:23:03,20.50,20.75,2968.54,598
1444278853,2015-10-08 04:34:13,20.75,20.92,3019.22,597
1444279524,2015-10-08 04:45:24,21.00,21.10,3026.71,597
1444280194,2015-10-08 04:56:34,21.00,21.18,3035.93,597
1444280865,2015-10-08 05:07:45,21.25,21.27,3037.80,597
1444281535,2015-10-08 05:18:55,21.50,21.13,3016.93,597
1444282206,2015-10-08 05:30:06,21.50,21.10,2990.99,597
1444282876,2015-10-08 05:41:16,21.50,21.10,2995.90,597
1444283547,2015-10-08 05:52:27,21.50,21.27,3039.18,597
1444284218,2015-10-08 06:03:38,21.50,21.10,3023.41,597
1444284888,2015-10-08 06:14:48,21.50,21.20,3028.51,597
1444285559,2015-10-08 06:25:59,21.50,21.27,3018.75,597
1444286229,2015-10-08 06:37:09,21.75,21.27,3023.08,597
1444286900,2015-10-08 06:48:20,22.00,21.41,3035.51,597
1444287571,2015-10-08 06:59:31,21.75,21.50,3051.50,597
1444288241,2015-10-08 07:10:41,21.50,21.53,3045.90,597
1444288912,2015-10-08 07:21:52,22.00,21.62,3030.58,597
1444289583,2015-10-08 07:33:03,22.25,21.62,3041.30,597
1444290253,2015-10-08 07:44:13,22.00,21.53,3037.46,597
1444290924,2015-10-08 07:55:24,22.00,21.62,3036.70,597
1444291595,2015-10-08 08:06:35,21.50,21.79,3091.76,597
1444292265,2015-10-08 08:17:45,21.25,21.70,3071.90,597
1444292936,2015-10-08 08:28:56,21.50,21.79,3071.99,597
1444293606,2015-10-08 08:40:06,22.00,22.14,3145.77,597
1444294277,2015-10-08 08:51:17,22.50,22.31,3180.97,597
1444294948,2015-10-08 09:02:28,21.50,22.23,3196.26,597
1444295619,2015-10-08 09:13:39,21.50,22.23,3197.91,597
1444296289,2015-10-08 09:24:49,22.25,22.40,3211.31,597
1444296960,2015-10-08 09:36:00,21.25,22.31,3209.07,597
1444297631,2015-10-08 09:47:11,21.50,21.96,3127.83,597
1444298301,2015-10-08 09:58:21,22.00,22.05,3099.68,597
1444298972,2015-10-08 10:09:32,22.25,22.23,3176.17,597
1444299643,2015-10-08 10:20:43,21.75,21.91,3081.97,597
1444300313,2015-10-08 10:31:53,21.25,21.63,3038.92,597
1444300984,2015-10-08 10:43:04,21.25,21.70,3051.91,597
1444301654,2015-10-08 10:54:14,21.00,21.53,3002.42,597
1444302325,2015-10-08 11:05:25,20.75,21.44,3009.66,597
1444302995,2015-10-08 11:16:35,21.00,21.62,3035.08,597
1444303666,2015-10-08 11:27:46,20.50,21.53,3041.69,596
1444304336,2015-10-08 11:38:56,20.50,21.88,3102.65,597
1444305006,2015-10-08 11:50:06,20.75,22.09,3152.93,596
1444305677,2015-10-08 12:01:17,20.75,22.05,3188.25,597
1444306347,2015-10-08 12:12:27,20.50,22.12,3201.20,597
1444307017,2015-10-08 12:23:37,20.75,22.14,3192.76,597
1444307688,2015-10-08 12:34:48,20.50,22.05,3173.25,597
1444308358,2015-10-08 12:45:58,20.50,21.83,3083.57,597
1444309028,2015-10-08 12:57:08,20.50,21.63,3057.46,597
1444309699,2015-10-08 13:08:19,20.25,21.62,3060.40,597
1444310369,2015-10-08 13:19:29,20.25,21.53,3030.34,597
1444311039,2015-10-08 13:30:39,20.00,21.36,3001.45,596
1444311709,2015-10-08 13:41:49,20.00,21.53,3027.02,597
1444312380,2015-10-08 13:53:00,20.25,21.79,3096.31,597
1444313050,2015-10-08 14:04:10,20.25,22.00,3215.60,597
1444313720,2015-10-08 14:15:20,20.50,21.88,3137.28,596
1444314391,2015-10-08 14:26:31,20.50,21.96,3227.55,596
1444315061,2015-10-08 14:37:41,20.50,21.96,3230.59,596
1444315731,2015-10-08 14:48:51,20.50,21.96,3227.70,596
1444316401,2015-10-08 15:00:01,20.25,21.96,3219.37,596
1444317072,2015-10-08 15:11:12,20.25,21.96,3216.03,597
1444317742,2015-10-08 15:22:22,20.25,21.96,3202.31,596
1444318412,2015-10-08 15:33:32,20.25,21.88,3205.06,597
1444319083,2015-10-08 15:44:43,20.25,21.88,3210.35,596
1444319753,2015-10-08 15:55:53,20.25,21.88,3196.64,597
1444320423,2015-10-08 16:07:03,20.25,21.88,3209.20,596
1444321093,2015-10-08 16:18:13,20.25,21.88,3211.77,596
1444321764,2015-10-08 16:29:24,20.25,21.79,3209.92,596
1444322434,2015-10-08 16:40:34,20.25,21.79,3210.39,596
1444323104,2015-10-08 16:51:44,20.25,21.79,3207.97,596
1444323774,2015-10-08 17:02:54,20.25,21.79,3207.54,596
1444324445,2015-10-08 17:14:05,20.25,21.70,3183.60,596
1444325115,2015-10-08 17:25:15,20.25,21.70,3199.32,596
1444325785,2015-10-08 17:36:25,20.25,21.70,3196.50,596
1444326455,2015-10-08 17:47:35,20.00,21.70,3213.21,596
1444327126,2015-10-08 17:58:46,20.00,21.70,3212.51,596
1444327796,2015-10-08 18:09:56,20.00,21.70,3214.54,596
1444328466,2015-10-08 18:21:06,20.00,21.70,3213.77,596
1444329136,2015-10-08 18:32:16,20.00,21.62,3210.55,596
1444329806,2015-10-08 18:43:26,20.00,21.62,3211.33,596
1444330477,2015-10-08 18:54:37,20.00,21.62,3210.91,596
1444331147,2015-10-08 19:05:47,20.00,21.62,3209.91,596
1444331817,2015-10-08 19:16:57,20.00,21.43,3208.45,596
1444332487,2015-10-08 19:28:07,20.00,21.44,3177.95,596
1444333157,2015-10-08 19:39:17,20.00,21.44,3201.66,596
1444333828,2015-10-08 19:50:28,19.75,21.44,3198.11,596
1444334498,2015-10-08 20:01:38,19.75,21.44,3199.13,596
1444335168,2015-10-08 20:12:48,19.75,21.44,3210.95,596
1444335838,2015-10-08 20:23:58,19.75,21.44,3217.21,596
1444336508,2015-10-08 20:35:08,19.75,21.44,3220.83,596
1444337178,2015-10-08 20:46:18,19.75,21.44,3223.00,596
1444337848,2015-10-08 20:57:28,19.75,21.44,3221.36,596
1444338519,2015-10-08 21:08:39,19.75,21.36,3187.07,596
1444339189,2015-10-08 21:19:49,19.75,21.34,3188.87,596
1444339859,2015-10-08 21:30:59,19.75,21.27,3173.43,596
1444340529,2015-10-08 21:42:09,19.75,21.27,3179.11,596
1444341199,2015-10-08 21:53:19,19.75,21.27,3193.84,596
1444341869,2015-10-08 22:04:29,19.75,21.29,3187.52,596
1444342539,2015-10-08 22:15:39,19.75,21.27,3193.26,596
1444343209,2015-10-08 22:26:49,19.75,21.22,3192.72,596
1444343879,2015-10-08 22:37:59,19.50,21.18,3192.43,596
1444344550,2015-10-08 22:49:10,19.50,21.18,3162.64,596
1444345220,2015-10-08 23:00:20,19.50,21.18,3191.11,596
1444345890,2015-10-08 23:11:30,19.50,21.18,3191.59,596
1444346560,2015-10-08 23:22:40,19.50,21.17,3196.20,596
1444347230,2015-10-08 23:33:50,19.50,21.15,3200.72,596
1444347900,2015-10-08 23:45:00,19.50,21.10,3200.48,596
1444348570,2015-10-08 23:56:10,19.50,21.10,3198.50,596
1444349240,2015-10-09 00:07:20,19.50,20.92,3096.81,596
1444349910,2015-10-09 00:18:30,19.50,20.92,3105.14,596
1444350580,2015-10-09 00:29:40,19.50,20.89,3059.33,596
1444351250,2015-10-09 00:40:50,19.25,20.92,3122.24,596
1444351920,2015-10-09 00:52:00,19.25,20.92,3126.56,596
1444352590,2015-10-09 01:03:10,19.25,20.84,3193.91,596
1444353260,2015-10-09 01:14:20,19.25,20.84,3195.21,596
1444353930,2015-10-09 01:25:30,19.25,20.84,3207.64,596
1444354600,2015-10-09 01:36:40,19.25,20.84,3220.59,596
1444355270,2015-10-09 01:47:50,19.25,20.84,3220.17,596
1444355940,2015-10-09 01:59:00,19.25,20.84,3212.80,596
1444356610,2015-10-09 02:10:10,19.25,20.84,3193.48,596
1444357280,2015-10-09 02:21:20,19.50,20.84,3218.68,596
1444357950,2015-10-09 02:32:30,19.50,20.75,3209.18,596
1444358620,2015-10-09 02:43:40,19.50,20.78,3203.69,596
1444359290,2015-10-09 02:54:50,19.75,20.84,3285.95,596
1444359960,2015-10-09 03:06:00,19.75,20.82,3259.72,596
1444360631,2015-10-09 03:17:11,19.75,20.84,3302.20,596
1444361301,2015-10-09 03:28:21,20.25,20.92,3307.79,596
1444361971,2015-10-09 03:39:31,20.00,20.92,3176.53,596
1444362641,2015-10-09 03:50:41,20.25,20.92,3158.23,595
1444363311,2015-10-09 04:01:51,20.75,20.91,3156.12,596
1444363982,2015-10-09 04:13:02,20.50,21.27,3336.89,596
1444364652,2015-10-09 04:24:12,20.25,21.29,3351.15,596
1444365322,2015-10-09 04:35:22,21.00,21.36,3263.76,596
1444365993,2015-10-09 04:46:33,21.50,21.39,3278.39,595
1444366663,2015-10-09 04:57:43,21.50,21.36,3291.58,596
1444367334,2015-10-09 05:08:54,22.00,21.30,3208.59,596
1444368005,2015-10-09 05:20:05,21.25,21.18,3231.52,593
1444368675,2015-10-09 05:31:15,21.50,21.18,3209.73,596
1444369345,2015-10-09 05:42:25,20.75,21.11,3240.68,595
1444370016,2015-10-09 05:53:36,20.50,21.18,3229.23,595
1444370686,2015-10-09 06:04:46,21.00,20.89,3224.34,595
1444371356,2015-10-09 06:15:56,20.50,21.01,3205.13,596
1444372027,2015-10-09 06:27:07,21.50,21.44,3215.49,596
1444372697,2015-10-09 06:38:17,20.75,21.18,3230.69,595
1444373368,2015-10-09 06:49:28,20.75,21.18,3227.57,595
1444374038,2015-10-09 07:00:38,20.25,21.10,3231.70,595
1444374708,2015-10-09 07:11:48,20.00,21.18,3241.45,596
1444375378,2015-10-09 07:22:58,20.00,21.18,3237.71,595
1444376048,2015-10-09 07:34:08,20.00,21.01,3234.29,595
1444376719,2015-10-09 07:45:19,20.00,21.01,3231.10,595
1444377389,2015-10-09 07:56:29,19.75,21.01,3236.29,596
1444378059,2015-10-09 08:07:39,19.75,21.01,3236.43,595
1444378729,2015-10-09 08:18:49,20.00,21.01,3262.65,595
1444379399,2015-10-09 08:29:59,20.00,21.10,3278.64,595
1444380069,2015-10-09 08:41:09,20.50,21.10,3265.24,595
1444380740,2015-10-09 08:52:20,20.50,21.10,3256.15,595
1444381410,2015-10-09 09:03:30,20.50,21.10,3248.54,596
1444382080,2015-10-09 09:14:40,20.00,21.10,3252.17,595
1444382750,2015-10-09 09:25:50,19.50,21.01,3264.38,595
1444383420,2015-10-09 09:37:00,19.75,21.01,3283.00,596
1444384090,2015-10-09 09:48:10,20.00,21.17,3267.30,596
1444384761,2015-10-09 09:59:21,20.00,21.01,3291.93,595
1444385431,2015-10-09 10:10:31,20.00,21.01,3305.03,595
1444386101,2015-10-09 10:21:41,20.00,21.01,3314.61,596
1444386771,2015-10-09 10:32:51,20.00,21.01,3279.65,595
1444387441,2015-10-09 10:44:01,19.75,21.10,3284.90,595
1444388111,2015-10-09 10:55:11,19.75,21.10,3320.92,595
1444388781,2015-10-09 11:06:21,19.75,21.10,3284.02,595
1444389451,2015-10-09 11:17:31,19.50,21.10,3304.92,595
1444390122,2015-10-09 11:28:42,19.50,21.10,3360.84,596
1444390792,2015-10-09 11:39:52,19.50,21.10,3390.46,595
1444391462,2015-10-09 11:51:02,19.50,21.03,3390.74,595
1444392132,2015-10-09 12:02:12,19.50,21.10,3365.76,595
1444392802,2015-10-09 12:13:22,19.50,21.10,3380.34,595
1444393472,2015-10-09 12:24:32,19.50,21.10,3381.46,595
1444394142,2015-10-09 12:35:42,19.50,21.10,3395.68,595
1444394812,2015-10-09 12:46:52,19.50,21.10,3414.00,595
1444395482,2015-10-09 12:58:02,19.50,21.50,3384.20,595
1444396152,2015-10-09 13:09:12,19.50,21.10,3400.63,595
1444396822,2015-10-09 13:20:22,19.50,21.10,3424.42,595
1444397492,2015-10-09 13:31:32,19.50,21.10,3468.85,595
1444398162,2015-10-09 13:42:42,19.50,21.10,3420.69,595
1444398832,2015-10-09 13:53:52,19.50,20.73,3433.35,595
1444399502,2015-10-09 14:05:02,19.50,21.10,3404.72,595
1444400172,2015-10-09 14:16:12,19.50,21.10,3373.34,595
1444400842,2015-10-09 14:27:22,19.50,21.04,3396.54,595
1444401512,2015-10-09 14:38:32,19.50,21.01,3379.88,595
1444402182,2015-10-09 14:49:42,19.50,21.01,3371.55,595
1444402852,2015-10-09 15:00:52,19.50,21.01,3383.74,595
1444403522,2015-10-09 15:12:02,19.50,21.01,3390.31,595
1444404192,2015-10-09 15:23:12,19.25,20.85,3382.36,595
1444404862,2015-10-09 15:34:22,19.25,20.92,3371.90,595
1444405532,2015-10-09 15:45:32,19.25,20.92,3360.95,595
1444406202,2015-10-09 15:56:42,19.25,20.92,3368.85,595
1444406872,2015-10-09 16:07:52,19.25,20.94,3369.80,595
1444407542,2015-10-09 16:19:02,19.25,20.92,3367.16,595
1444408212,2015-10-09 16:30:12,19.25,20.92,3371.34,595
1444408882,2015-10-09 16:41:22,19.25,20.92,3372.07,595
1444409552,2015-10-09 16:52:32,19.25,20.85,3371.82,595
1444410222,2015-10-09 17:03:42,19.25,20.84,3381.17,595
1444410892,2015-10-09 17:14:52,19.25,20.84,3379.36,595
1444411562,2015-10-09 17:26:02,19.25,20.84,3354.60,595
1444412232,2015-10-09 17:37:12,19.25,20.84,3358.29,595
1444412902,2015-10-09 17:48:22,19.25,20.77,3352.43,595
1444413572,2015-10-09 17:59:32,19.25,20.75,3349.61,595
1444414242,2015-10-09 18:10:42,19.25,20.75,3350.34,595
1444414912,2015-10-09 18:21:52,19.25,20.75,3350.22,595
1444415582,2015-10-09 18:33:02,19.25,20.75,3348.62,595
1444416251,2015-10-09 18:44:11,19.00,20.70,3342.41,595
1444416921,2015-10-09 18:55:21,19.00,20.66,3335.45,595
1444417591,2015-10-09 19:06:31,19.00,20.66,3325.65,595
1444418261,2015-10-09 19:17:41,19.00,20.66,3332.43,595
1444418931,2015-10-09 19:28:51,19.00,20.59,3329.68,594
1444419601,2015-10-09 19:40:01,19.00,20.58,3300.84,595
1444420271,2015-10-09 19:51:11,19.00,20.75,3300.27,595
1444420941,2015-10-09 20:02:21,19.00,20.52,3298.37,595
1444421611,2015-10-09 20:13:31,19.00,20.49,3297.57,595
1444422280,2015-10-09 20:24:40,19.00,20.49,3292.76,595
1444422950,2015-10-09 20:35:50,19.00,20.49,3290.98,595
1444423620,2015-10-09 20:47:00,19.00,20.49,3319.19,595
1444424290,2015-10-09 20:58:10,18.75,20.49,3299.42,595
1444424960,2015-10-09 21:09:20,18.75,20.44,3315.22,594
1444425630,2015-10-09 21:20:30,18.75,20.40,3297.60,594
1444426300,2015-10-09 21:31:40,18.75,20.40,3300.91,595
1444426969,2015-10-09 21:42:49,18.75,20.44,3271.60,594
1444427639,2015-10-09 21:53:59,18.75,20.32,3277.67,595
1444428309,2015-10-09 22:05:09,18.75,20.32,3280.41,594
1444428979,2015-10-09 22:16:19,18.75,20.32,3251.33,594
1444429649,2015-10-09 22:27:29,18.75,20.26,3246.98,594
1444430318,2015-10-09 22:38:38,18.75,20.23,3174.48,594
1444430988,2015-10-09 22:49:48,18.50,20.14,3197.87,595
1444431658,2015-10-09 23:00:58,18.50,20.09,3199.84,594
1444432328,2015-10-09 23:12:08,18.50,20.14,3213.01,595
1444432998,2015-10-09 23:23:18,18.50,20.12,3226.16,594
1444433667,2015-10-09 23:34:27,18.50,20.06,3236.58,594
1444434337,2015-10-09 23:45:37,18.50,20.07,3250.32,595
1444435007,2015-10-09 23:56:47,18.50,20.06,3236.15,595
1444435677,2015-10-10 00:07:57,18.50,20.06,3258.60,594
1444436346,2015-10-10 00:19:06,18.50,19.64,3257.40,594
1444437016,2015-10-10 00:30:16,18.50,20.06,3305.84,594
1444437686,2015-10-10 00:41:26,18.50,20.14,3365.76,594
1444438356,2015-10-10 00:52:36,18.50,20.14,3390.56,595
1444439025,2015-10-10 01:03:45,18.50,20.02,3396.79,594
1444439695,2015-10-10 01:14:55,18.50,20.14,3404.29,595
1444440365,2015-10-10 01:26:05,18.50,20.14,3418.54,595
1444441035,2015-10-10 01:37:15,18.50,20.14,3422.96,594
1444441704,2015-10-10 01:48:24,18.50,20.09,3421.78,595
1444442374,2015-10-10 01:59:34,18.50,20.14,3426.54,594
1444443044,2015-10-10 02:10:44,18.75,20.14,3442.44,594
1444443714,2015-10-10 02:21:54,18.75,20.14,3448.02,594
1444444384,2015-10-10 02:33:04,18.75,20.14,3446.26,594
1444445053,2015-10-10 02:44:13,18.75,20.14,3440.98,594
1444445723,2015-10-10 02:55:23,18.75,20.14,3457.20,594
1444446393,2015-10-10 03:06:33,18.75,20.14,3463.62,594
1444447063,2015-10-10 03:17:43,19.00,20.18,3465.04,594
1444447733,2015-10-10 03:28:53,19.25,20.14,3468.47,594
1444448403,2015-10-10 03:40:03,19.25,19.83,3467.64,594
1444449073,2015-10-10 03:51:13,19.75,20.32,3459.07,594
1444449743,2015-10-10 04:02:23,19.50,20.23,3448.44,594
1444450413,2015-10-10 04:13:33,19.25,20.18,3443.24,594
1444451083,2015-10-10 04:24:43,19.25,20.23,3456.68,594
1444451753,2015-10-10 04:35:53,19.25,20.23,3460.72,594
1444452423,2015-10-10 04:47:03,19.25,20.23,3465.76,595
1444453093,2015-10-10 04:58:13,19.25,20.23,3470.38,594
1444453763,2015-10-10 05:09:23,20.00,20.32,3456.60,594
1444454433,2015-10-10 05:20:33,20.25,20.40,3459.95,594
1444455103,2015-10-10 05:31:43,20.00,20.40,3485.77,594
1444455773,2015-10-10 05:42:53,20.50,20.49,3488.28,594
1444456443,2015-10-10 05:54:03,20.50,20.58,3493.88,594
1444457114,2015-10-10 06:05:14,20.50,20.58,3507.77,594
1444457784,2015-10-10 06:16:24,20.75,20.58,3506.85,594
1444458454,2015-10-10 06:27:34,20.75,20.66,3515.49,594
1444459125,2015-10-10 06:38:45,20.75,20.70,3522.71,594
1444459795,2015-10-10 06:49:55,20.75,20.75,3535.15,594
1444460465,2015-10-10 07:01:05,21.00,20.84,3536.23,594
1444461136,2015-10-10 07:12:16,21.00,20.92,3548.85,594
1444461806,2015-10-10 07:23:26,21.25,21.01,3572.71,594
1444462476,2015-10-10 07:34:36,21.25,21.10,3580.76,594
1444463147,2015-10-10 07:45:47,21.25,21.18,3586.72,594
1444463817,2015-10-10 07:56:57,21.50,21.27,3602.98,592
1444464488,2015-10-10 08:08:08,21.50,21.10,3539.16,594
1444465158,2015-10-10 08:19:18,21.25,21.10,3548.32,594
1444465829,2015-10-10 08:30:29,21.25,21.18,3553.46,594
1444466499,2015-10-10 08:41:39,21.25,21.10,3531.11,594
1444467170,2015-10-10 08:52:50,21.25,21.27,3530.31,594
1444467840,2015-10-10 09:04:00,21.25,21.27,3569.88,594
1444468511,2015-10-10 09:15:11,21.25,21.20,3557.40,594
1444469181,2015-10-10 09:26:21,21.25,21.29,3545.48,594
1444469852,2015-10-10 09:37:32,21.25,21.18,3546.92,593
1444470522,2015-10-10 09:48:42,21.25,21.18,3487.71,593
1444471192,2015-10-10 09:59:52,21.00,21.18,3528.92,593
1444471863,2015-10-10 10:11:03,21.00,21.10,3494.24,594
1444472533,2015-10-10 10:22:13,21.00,21.10,3499.02,594
1444473203,2015-10-10 10:33:23,21.00,21.27,3545.24,594
1444473874,2015-10-10 10:44:34,20.75,21.27,3577.85,594
1444474544,2015-10-10 10:55:44,20.75,21.18,3521.02,594
1444475214,2015-10-10 11:06:54,20.50,21.18,3541.39,594
1444475885,2015-10-10 11:18:05,20.25,21.10,3496.92,594
1444476555,2015-10-10 11:29:15,20.00,20.94,3414.52,594
1444477225,2015-10-10 11:40:25,19.75,20.84,3272.97,594
1444477895,2015-10-10 11:51:35,19.75,21.01,3391.36,594
1444478565,2015-10-10 12:02:45,19.50,21.01,3240.91,594
1444479235,2015-10-10 12:13:55,19.50,20.92,3109.13,594
1444479905,2015-10-10 12:25:05,19.50,21.01,3317.38,593
1444480575,2015-10-10 12:36:15,19.50,21.01,3280.03,594
1444481245,2015-10-10 12:47:25,19.50,20.84,3282.14,593
1444481915,2015-10-10 12:58:35,19.50,20.84,3162.11,593
1444482585,2015-10-10 13:09:45,19.25,20.84,3155.18,594
1444483255,2015-10-10 13:20:55,19.25,20.84,3150.91,593
1444483925,2015-10-10 13:32:05,19.25,20.75,3098.67,593
1444484595,2015-10-10 13:43:15,19.25,20.66,3052.01,594
1444485265,2015-10-10 13:54:25,19.00,20.58,3038.68,593
1444485935,2015-10-10 14:05:35,19.00,20.56,3078.82,594
1444486604,2015-10-10 14:16:44,19.00,20.49,3064.46,594
1444487274,2015-10-10 14:27:54,19.00,20.49,3057.53,593
1444487944,2015-10-10 14:39:04,19.00,20.49,3096.94,593
1444488614,2015-10-10 14:50:14,19.00,20.49,3073.95,594
1444489284,2015-10-10 15:01:24,19.00,20.40,3078.61,594
1444489954,2015-10-10 15:12:34,18.75,20.37,2976.81,594
1444490624,2015-10-10 15:23:44,18.75,20.40,3155.23,593
1444491293,2015-10-10 15:34:53,18.75,20.32,3076.72,593
1444491963,2015-10-10 15:46:03,18.75,20.32,3087.43,593
1444492633,2015-10-10 15:57:13,18.75,20.14,2933.98,593
1444493303,2015-10-10 16:08:23,18.50,20.23,3015.66,593
1444493973,2015-10-10 16:19:33,18.50,20.14,2937.20,593
1444494642,2015-10-10 16:30:42,18.50,20.06,2933.39,594
1444495312,2015-10-10 16:41:52,18.50,20.06,2830.37,593
1444495982,2015-10-10 16:53:02,18.50,19.97,2853.33,594
1444496652,2015-10-10 17:04:12,18.50,19.97,2873.00,593
1444497321,2015-10-10 17:15:21,18.25,19.97,2878.38,593
1444497991,2015-10-10 17:26:31,18.25,19.88,2875.71,593
1444498661,2015-10-10 17:37:41,18.25,19.88,2870.09,593
1444499330,2015-10-10 17:48:50,18.25,19.80,2857.08,593
1444500000,2015-10-10 18:00:00,18.25,19.80,2833.11,593
1444500670,2015-10-10 18:11:10,18.25,19.93,2822.72,593
1444501339,2015-10-10 18:22:19,18.25,19.69,2812.32,593
1444502009,2015-10-10 18:33:29,18.00,19.71,2804.17,593
1444502679,2015-10-10 18:44:39,18.00,19.62,2793.83,593
1444503348,2015-10-10 18:55:48,18.00,19.62,2774.39,593
1444504018,2015-10-10 19:06:58,18.00,19.45,2722.49,593
1444504688,2015-10-10 19:18:08,17.75,19.36,2687.76,593
1444505357,2015-10-10 19:29:17,17.75,19.28,2701.23,593
1444506027,2015-10-10 19:40:27,17.75,19.36,2737.27,593
1444506696,2015-10-10 19:51:36,17.75,19.28,2742.98,593
1444507366,2015-10-10 20:02:46,17.75,19.28,2834.67,593
1444508036,2015-10-10 20:13:56,17.75,19.28,2769.21,593
1444508705,2015-10-10 20:25:05,17.75,19.28,2884.96,593
1444509375,2015-10-10 20:36:15,17.75,19.45,3348.61,593
1444510044,2015-10-10 20:47:24,18.00,20.09,3649.37,593
1444510714,2015-10-10 20:58:34,18.25,19.80,3655.48,593
1444511384,2015-10-10 21:09:44,18.25,19.80,3692.66,593
1444512053,2015-10-10 21:20:53,18.25,19.80,3686.53,593
1444512723,2015-10-10 21:32:03,18.25,19.71,3654.68,593
1444513393,2015-10-10 21:43:13,18.00,19.71,3681.09,593
1444514062,2015-10-10 21:54:22,18.25,19.71,3721.56,593
1444514732,2015-10-10 22:05:32,18.25,19.71,3727.46,593
1444515402,2015-10-10 22:16:42,18.25,19.80,3740.53,594
1444516071,2015-10-10 22:27:51,18.25,19.80,3731.54,593
1444516741,2015-10-10 22:39:01,18.25,19.80,3735.72,594
1444517411,2015-10-10 22:50:11,18.25,19.80,3737.57,593
1444518080,2015-10-10 23:01:20,18.25,19.80,3744.38,593
1444518750,2015-10-10 23:12:30,18.25,19.80,3719.98,593
1444519420,2015-10-10 23:23:40,18.25,19.80,3750.54,593
1444520089,2015-10-10 23:34:49,18.25,19.80,3768.15,593
1444520759,2015-10-10 23:45:59,18.25,19.80,3762.82,593
1444521429,2015-10-10 23:57:09,18.25,19.74,3756.60,593
1444522098,2015-10-11 00:08:18,18.25,19.73,3758.22,593
1444522768,2015-10-11 00:19:28,18.25,19.80,3779.00,593
1444523438,2015-10-11 00:30:38,18.25,19.80,3776.58,593
1444524107,2015-10-11 00:41:47,18.25,19.71,3767.65,593
1444524777,2015-10-11 00:52:57,18.25,19.71,3772.01,593
1444525447,2015-10-11 01:04:07,18.25,19.73,3771.59,593
1444526116,2015-10-11 01:15:16,18.25,19.64,3766.03,593
1444526786,2015-10-11 01:26:26,18.00,19.71,3764.97,593
1444527456,2015-10-11 01:37:36,18.00,19.71,3759.53,593
1444528125,2015-10-11 01:48:45,18.25,19.71,3750.13,593
1444528795,2015-10-11 01:59:55,18.25,19.71,3759.96,593
1444529465,2015-10-11 02:11:05,18.25,19.71,3744.68,593
1444530134,2015-10-11 02:22:14,18.25,19.71,3762.78,593
1444530804,2015-10-11 02:33:24,18.25,19.80,3771.28,593
1444531474,2015-10-11 02:44:34,18.50,19.74,3770.32,593
1444532144,2015-10-11 02:55:44,18.50,19.71,3764.99,593
1444532813,2015-10-11 03:06:53,18.50,19.71,3769.43,593
1444533483,2015-10-11 03:18:03,18.50,19.80,3802.69,593
1444534153,2015-10-11 03:29:13,18.75,19.88,3823.20,593
1444534823,2015-10-11 03:40:23,19.25,19.97,3834.79,593
1444535493,2015-10-11 03:51:33,19.50,20.11,3855.63,593
1444536163,2015-10-11 04:02:43,19.75,20.23,3869.29,593
1444536833,2015-10-11 04:13:53,20.00,20.23,3855.90,592
1444537503,2015-10-11 04:25:03,20.00,20.25,3863.09,593
1444538173,2015-10-11 04:36:13,20.25,20.42,3877.88,593
1444538843,2015-10-11 04:47:23,20.25,20.49,3877.81,592
1444539513,2015-10-11 04:58:33,20.50,20.32,3846.45,593
1444540184,2015-10-11 05:09:44,20.50,20.58,3879.77,593
1444540854,2015-10-11 05:20:54,20.75,20.75,3900.08,592
1444541524,2015-10-11 05:32:04,20.75,20.84,3911.31,592
1444542194,2015-10-11 05:43:14,21.00,20.75,3904.41,592
1444542865,2015-10-11 05:54:25,21.25,20.92,3926.14,592
1444543535,2015-10-11 06:05:35,21.25,21.03,3956.72,592
1444544206,2015-10-11 06:16:46,21.50,21.10,3959.78,593
1444544876,2015-10-11 06:27:56,21.25,20.66,3888.84,592
1444545546,2015-10-11 06:39:06,21.00,21.01,3888.35,593
1444546217,2015-10-11 06:50:17,21.00,20.75,3910.76,592
1444546887,2015-10-11 07:01:27,21.00,20.92,3914.19,593
1444547557,2015-10-11 07:12:37,21.25,21.32,3902.08,592
1444548228,2015-10-11 07:23:48,21.25,20.47,3911.82,593
1444548898,2015-10-11 07:34:58,21.25,20.66,3861.18,592
1444549569,2015-10-11 07:46:09,21.25,20.84,3880.51,592
1444550239,2015-10-11 07:57:19,21.25,21.34,3885.99,593
1444550910,2015-10-11 08:08:30,21.25,20.84,3902.82,592
1444551580,2015-10-11 08:19:40,21.25,20.85,3877.89,593
1444552250,2015-10-11 08:30:50,21.25,20.97,3872.31,592
1444552921,2015-10-11 08:42:01,21.25,21.10,3908.75,592
1444553591,2015-10-11 08:53:11,21.25,21.11,3907.24,593
1444554262,2015-10-11 09:04:22,21.25,21.10,3899.96,592
1444554932,2015-10-11 09:15:32,21.25,21.27,3961.28,592
1444555603,2015-10-11 09:26:43,21.25,21.36,4000.29,592
1444556273,2015-10-11 09:37:53,21.25,21.18,3906.60,592
1444556943,2015-10-11 09:49:03,21.25,21.01,3842.94,592
1444557614,2015-10-11 10:00:14,21.00,21.10,3910.03,593
1444558284,2015-10-11 10:11:24,21.00,21.20,3989.67,592
1444558954,2015-10-11 10:22:34,21.00,21.10,3860.78,592
1444559625,2015-10-11 10:33:45,20.75,21.18,3955.13,592
1444560295,2015-10-11 10:44:55,20.75,21.10,3860.86,592
1444560965,2015-10-11 10:56:05,20.25,21.01,3876.85,592
1444561635,2015-10-11 11:07:15,20.25,21.10,3930.86,592
1444562306,2015-10-11 11:18:26,20.00,20.99,3843.59,592
1444562976,2015-10-11 11:29:36,19.75,20.92,3860.01,592
1444563646,2015-10-11 11:40:46,19.75,21.01,3989.10,592
1444564316,2015-10-11 11:51:56,19.50,20.92,3779.76,593
1444564986,2015-10-11 12:03:06,19.50,20.84,3787.79,593
1444565656,2015-10-11 12:14:16,19.50,20.84,3778.46,592
1444566326,2015-10-11 12:25:26,19.25,20.63,3755.87,593
1444566995,2015-10-11 12:36:35,19.25,20.78,3778.13,592
1444567665,2015-10-11 12:47:45,19.25,20.92,3917.21,592
1444568335,2015-10-11 12:58:55,19.25,20.92,4000.55,592
1444569005,2015-10-11 13:10:05,19.25,20.92,3935.93,592
1444569675,2015-10-11 13:21:15,19.25,21.36,4004.83,592
1444570345,2015-10-11 13:32:25,19.25,20.84,3971.16,592
1444571015,2015-10-11 13:43:35,19.25,20.75,3863.42,592
1444571685,2015-10-11 13:54:45,19.25,20.84,3894.72,592
1444572355,2015-10-11 14:05:55,19.25,20.84,3886.97,592
1444573025,2015-10-11 14:17:05,19.25,20.75,3832.83,593
1444573695,2015-10-11 14:28:15,19.25,20.99,3845.30,592
1444574365,2015-10-11 14:39:25,19.25,20.70,3861.14,592
1444575034,2015-10-11 14:50:34,19.00,20.66,3764.61,592
1444575704,2015-10-11 15:01:44,19.00,20.49,3589.73,592
1444576374,2015-10-11 15:12:54,18.75,20.49,3883.92,592
1444577044,2015-10-11 15:24:04,18.75,20.40,3730.88,592
1444577714,2015-10-11 15:35:14,18.75,20.40,3897.80,592
1444578383,2015-10-11 15:46:23,18.75,20.40,3796.60,592
1444579053,2015-10-11 15:57:33,18.75,20.25,3662.88,592
1444579723,2015-10-11 16:08:43,18.75,20.23,3657.10,592
1444580393,2015-10-11 16:19:53,18.75,20.23,3697.10,592
1444581063,2015-10-11 16:31:03,18.75,20.23,3748.11,592
1444581732,2015-10-11 16:42:12,18.50,20.14,3729.88,592
1444582402,2015-10-11 16:53:22,18.50,20.14,3775.40,592
1444583072,2015-10-11 17:04:32,18.50,20.06,3619.62,592
1444583742,2015-10-11 17:15:42,18.50,20.06,3699.78,591
1444584411,2015-10-11 17:26:51,18.50,19.88,3607.89,592
1444585081,2015-10-11 17:38:01,18.50,20.09,3722.28,592
1444585751,2015-10-11 17:49:11,18.50,19.88,3676.61,592
1444586420,2015-10-11 18:00:20,18.25,19.97,3794.16,592
1444587090,2015-10-11 18:11:30,18.25,19.88,3713.91,591
1444587760,2015-10-11 18:22:40,18.25,19.86,3771.70,592
1444588429,2015-10-11 18:33:49,18.25,19.88,3875.58,591
1444589099,2015-10-11 18:44:59,18.25,19.88,3873.30,592
1444589769,2015-10-11 18:56:09,18.25,19.99,3901.98,591
1444590438,2015-10-11 19:07:18,18.25,19.80,3790.14,592
1444591108,2015-10-11 19:18:28,18.25,19.80,3817.53,591
1444591778,2015-10-11 19:29:38,18.25,19.71,3805.40,592
1444592447,2015-10-11 19:40:47,18.25,19.71,3840.37,592
1444593117,2015-10-11 19:51:57,18.25,20.06,4019.42,592
1444593787,2015-10-11 20:03:07,18.25,19.88,4029.94,591
1444594456,2015-10-11 20:14:16,18.25,19.80,4025.67,592
1444595126,2015-10-11 20:25:26,18.25,19.88,4050.71,592
1444595796,2015-10-11 20:36:36,18.25,19.88,4050.30,591
1444596465,2015-10-11 20:47:45,18.25,19.80,4046.04,592
1444597135,2015-10-11 20:58:55,18.25,19.80,4058.79,591
1444597804,2015-10-11 21:10:04,18.25,19.80,4058.78,591
1444598474,2015-10-11 21:21:14,18.25,19.80,4062.48,591
1444599144,2015-10-11 21:32:24,18.25,19.90,4055.14,592
1444599813,2015-10-11 21:43:33,18.25,19.80,4055.38,591
1444600483,2015-10-11 21:54:43,18.25,19.80,4060.77,592
1444601153,2015-10-11 22:05:53,18.25,19.80,4061.75,592
1444601822,2015-10-11 22:17:02,18.25,19.80,4050.20,592
1444602492,2015-10-11 22:28:12,18.25,19.71,4055.19,591
1444603162,2015-10-11 22:39:22,18.25,19.71,4054.54,591
1444603831,2015-10-11 22:50:31,18.25,19.59,4056.97,590
1444604501,2015-10-11 23:01:41,18.25,19.78,4056.56,591
1444605171,2015-10-11 23:12:51,18.25,19.74,4054.14,592
1444605840,2015-10-11 23:24:00,18.25,19.71,4051.41,592
1444606510,2015-10-11 23:35:10,18.25,19.71,4051.32,591
1444607179,2015-10-11 23:46:19,18.25,19.80,4052.75,592
1444607849,2015-10-11 23:57:29,18.25,19.80,4045.37,591
1444608519,2015-10-12 00:08:39,18.25,19.71,4049.38,591
1444609188,2015-10-12 00:19:48,18.00,19.71,4047.58,591
1444609858,2015-10-12 00:30:58,18.00,19.80,4051.69,591
1444610528,2015-10-12 00:42:08,18.25,19.74,4052.10,591
1444611197,2015-10-12 00:53:17,18.25,19.71,4052.40,592
1444611867,2015-10-12 01:04:27,18.00,19.02,3645.69,591
1444612536,2015-10-12 01:15:36,17.75,19.62,3979.09,592
1444613206,2015-10-12 01:26:46,18.00,19.54,3972.51,591
1444613876,2015-10-12 01:37:56,18.00,19.36,3840.42,591
1444614545,2015-10-12 01:49:05,18.00,19.54,3981.03,591
1444615215,2015-10-12 02:00:15,17.75,19.28,3976.87,591
1444615884,2015-10-12 02:11:24,18.25,19.71,4027.53,591
1444616554,2015-10-12 02:22:34,18.25,19.54,3892.56,591
1444617224,2015-10-12 02:33:44,18.25,19.67,4016.41,591
1444617893,2015-10-12 02:44:53,18.25,19.38,3950.88,591
1444618563,2015-10-12 02:56:03,18.50,19.64,4026.73,591
1444619233,2015-10-12 03:07:13,18.50,19.62,3896.30,591
1444619902,2015-10-12 03:18:22,18.50,19.71,4009.41,592
1444620572,2015-10-12 03:29:32,19.25,19.62,3898.43,591
1444621242,2015-10-12 03:40:42,19.50,19.97,4060.60,591
1444621912,2015-10-12 03:51:52,19.75,19.97,3996.56,591
1444622582,2015-10-12 04:03:02,19.75,19.97,4071.02,591
1444623252,2015-10-12 04:14:12,20.00,19.97,3985.30,591
1444623922,2015-10-12 04:25:22,20.25,20.33,4080.78,591
1444624592,2015-10-12 04:36:32,20.25,20.49,4094.23,591
1444625262,2015-10-12 04:47:42,20.00,19.71,3959.85,591
1444625933,2015-10-12 04:58:53,20.50,20.38,4048.21,591
1444626603,2015-10-12 05:10:03,20.75,20.66,4105.90,591
1444627273,2015-10-12 05:21:13,21.00,20.75,4104.70,591
1444627943,2015-10-12 05:32:23,20.75,20.14,4018.77,591
1444628614,2015-10-12 05:43:34,21.00,20.58,4091.81,591
1444629284,2015-10-12 05:54:44,21.25,20.75,4064.99,588
1444629954,2015-10-12 06:05:54,20.75,20.58,4102.28,591
1444630624,2015-10-12 06:17:04,20.75,20.40,4060.56,591
1444631295,2015-10-12 06:28:15,21.00,20.58,4085.57,591
1444631965,2015-10-12 06:39:25,21.00,20.84,4110.34,591
1444632635,2015-10-12 06:50:35,21.00,20.49,4051.47,591
1444633306,2015-10-12 07:01:46,21.00,20.47,4040.95,591
1444633976,2015-10-12 07:12:56,21.00,20.49,4065.47,591
1444634647,2015-10-12 07:24:07,21.75,21.18,4165.68,591
1444635317,2015-10-12 07:35:17,21.50,20.63,4027.37,591
1444635987,2015-10-12 07:46:27,21.25,20.92,4095.47,591
1444636658,2015-10-12 07:57:38,21.25,20.75,4067.86,591
1444637328,2015-10-12 08:08:48,21.25,21.18,4138.16,591
1444637999,2015-10-12 08:19:59,21.50,20.92,4085.13,591
1444638669,2015-10-12 08:31:09,21.25,21.01,4098.14,591
1444639339,2015-10-12 08:42:19,21.50,21.27,4094.41,591
1444640010,2015-10-12 08:53:30,21.25,21.10,4132.41,591
1444640680,2015-10-12 09:04:40,21.50,21.36,4138.31,591
1444641351,2015-10-12 09:15:51,21.25,21.36,4124.64,591
1444642021,2015-10-12 09:27:01,21.25,21.44,4139.86,591
1444642691,2015-10-12 09:38:11,21.25,21.11,4086.44,591
1444643362,2015-10-12 09:49:22,21.25,21.27,4113.91,591
1444644032,2015-10-12 10:00:32,21.00,21.10,4042.31,591
1444644702,2015-10-12 10:11:42,20.75,21.10,4098.97,591
1444645373,2015-10-12 10:22:53,20.75,21.01,4058.51,590
1444646043,2015-10-12 10:34:03,20.75,21.10,4049.75,591
1444646713,2015-10-12 10:45:13,20.50,21.20,4112.22,591
1444647383,2015-10-12 10:56:23,20.50,21.10,3996.28,591
1444648054,2015-10-12 11:07:34,20.25,21.01,4070.85,591
1444648724,2015-10-12 11:18:44,19.75,20.92,4066.11,591
1444649394,2015-10-12 11:29:54,19.50,20.92,4077.56,591
1444650064,2015-10-12 11:41:04,19.50,20.75,3970.86,590
1444650734,2015-10-12 11:52:14,19.25,20.75,3933.35,590
1444651403,2015-10-12 12:03:23,19.25,20.84,3965.41,591
1444652073,2015-10-12 12:14:33,19.25,20.75,3966.78,590
1444652743,2015-10-12 12:25:43,19.25,20.66,3922.43,590
1444653413,2015-10-12 12:36:53,19.00,20.66,3985.42,591
1444654083,2015-10-12 12:48:03,19.00,20.58,3910.57,591
1444654753,2015-10-12 12:59:13,19.00,20.58,3959.65,591
1444655423,2015-10-12 13:10:23,19.00,20.58,3898.42,591
1444656092,2015-10-12 13:21:32,19.00,20.58,3992.54,591
1444656762,2015-10-12 13:32:42,19.00,20.58,3994.52,590
1444657432,2015-10-12 13:43:52,19.00,20.58,3985.65,590
1444658102,2015-10-12 13:55:02,19.00,20.58,3974.35,591
1444658772,2015-10-12 14:06:12,19.00,20.58,4006.80,591
1444659441,2015-10-12 14:17:21,19.00,20.16,3991.42,590
1444660111,2015-10-12 14:28:31,19.00,20.58,3982.01,590
1444660781,2015-10-12 14:39:41,19.00,20.56,3982.08,591
1444661451,2015-10-12 14:50:51,19.00,20.49,3962.00,591
1444662121,2015-10-12 15:02:01,19.00,20.49,3929.93,591
1444662790,2015-10-12 15:13:10,19.00,20.40,3916.78,590
1444663460,2015-10-12 15:24:20,18.75,20.40,3882.16,591
1444664130,2015-10-12 15:35:30,18.75,20.32,3931.68,590
1444664800,2015-10-12 15:46:40,18.75,20.32,3922.38,590
1444665469,2015-10-12 15:57:49,18.75,20.32,3916.69,591
1444666139,2015-10-12 16:08:59,18.75,20.30,3975.03,591
1444666809,2015-10-12 16:20:09,18.75,20.23,3970.86,590
1444667479,2015-10-12 16:31:19,18.75,20.23,3968.48,590
1444668148,2015-10-12 16:42:28,18.75,20.21,3948.30,591
1444668818,2015-10-12 16:53:38,18.50,20.21,3939.06,590
1444669488,2015-10-12 17:04:48,18.50,20.14,3944.27,590
1444670158,2015-10-12 17:15:58,18.50,20.23,3944.30,590
1444670827,2015-10-12 17:27:07,18.75,19.81,3941.17,591
1444671497,2015-10-12 17:38:17,18.75,20.23,3944.04,590
1444672167,2015-10-12 17:49:27,18.50,20.23,3939.45,590
1444672836,2015-10-12 18:00:36,18.50,20.14,3944.05,590
1444673506,2015-10-12 18:11:46,18.50,20.14,3888.71,591
1444674176,2015-10-12 18:22:56,18.50,20.14,3866.72,590
1444674845,2015-10-12 18:34:05,18.50,20.09,3876.61,590
1444675515,2015-10-12 18:45:15,18.50,20.06,3861.75,590
1444676185,2015-10-12 18:56:25,18.50,19.92,3739.49,591
1444676854,2015-10-12 19:07:34,18.25,19.83,3738.50,590
1444677524,2015-10-12 19:18:44,18.25,19.88,3738.12,590
1444678194,2015-10-12 19:29:54,18.25,19.85,3779.06,591
1444678863,2015-10-12 19:41:03,18.25,19.47,3748.03,590
1444679533,2015-10-12 19:52:13,18.25,19.88,3759.03,590
1444680203,2015-10-12 20:03:23,18.25,19.80,3681.12,590
1444680872,2015-10-12 20:14:32,18.25,19.81,3673.08,590
1444681542,2015-10-12 20:25:42,18.25,19.80,3774.47,590
1444682211,2015-10-12 20:36:51,18.25,19.80,3771.52,590
1444682881,2015-10-12 20:48:01,18.25,19.73,3691.07,590
1444683551,2015-10-12 20:59:11,18.25,19.78,3747.36,590
1444684220,2015-10-12 21:10:20,18.25,19.80,3791.54,590
1444684890,2015-10-12 21:21:30,18.25,19.80,3787.13,590
1444685560,2015-10-12 21:32:40,18.25,19.80,3784.71,590
1444686229,2015-10-12 21:43:49,18.25,19.80,3788.52,590
1444686899,2015-10-12 21:54:59,18.25,19.80,3804.03,590
1444687568,2015-10-12 22:06:08,18.25,19.81,3794.07,590
1444688238,2015-10-12 22:17:18,18.25,19.80,3796.45,590
1444688908,2015-10-12 22:28:28,18.25,19.73,3792.37,590
1444689577,2015-10-12 22:39:37,18.25,19.80,3788.75,590
1444690247,2015-10-12 22:50:47,18.25,19.80,3784.10,590
1444690916,2015-10-12 23:01:56,18.25,19.80,3777.81,590
1444691586,2015-10-12 23:13:06,18.25,19.80,3776.33,590
1444692256,2015-10-12 23:24:16,18.25,20.02,3779.26,590
1444692925,2015-10-12 23:35:25,18.25,19.80,3780.94,590
1444693595,2015-10-12 23:46:35,18.25,19.85,3771.97,590
1444694264,2015-10-12 23:57:44,18.25,19.80,3779.94,590
1444694934,2015-10-13 00:08:54,18.25,19.80,3780.12,590
1444695604,2015-10-13 00:20:04,18.25,19.80,3777.38,590
1444696273,2015-10-13 00:31:13,18.25,19.80,3775.64,590
1444696943,2015-10-13 00:42:23,18.25,19.80,3759.88,590
1444697613,2015-10-13 00:53:33,18.25,19.80,3765.60,590
1444698282,2015-10-13 01:04:42,18.25,19.80,3749.70,590
1444698952,2015-10-13 01:15:52,18.25,19.76,3752.65,590
1444699621,2015-10-13 01:27:01,18.25,19.73,3728.39,590
1444700291,2015-10-13 01:38:11,18.25,19.76,3724.50,590
1444700961,2015-10-13 01:49:21,18.25,19.73,3717.45,590
1444701630,2015-10-13 02:00:30,18.25,19.71,3712.12,590
1444702300,2015-10-13 02:11:40,18.25,19.71,3704.44,590
1444702969,2015-10-13 02:22:49,18.50,19.71,3707.63,590
1444703639,2015-10-13 02:33:59,18.50,19.71,3699.46,590
1444704309,2015-10-13 02:45:09,18.50,19.74,3696.50,590
1444704978,2015-10-13 02:56:18,18.50,19.71,3692.45,590
1444705648,2015-10-13 03:07:28,18.50,19.45,3681.20,590
1444706318,2015-10-13 03:18:38,18.75,19.80,3691.32,590
1444706988,2015-10-13 03:29:48,19.25,19.88,3692.63,590
1444707658,2015-10-13 03:40:58,19.25,19.88,3696.82,589
1444708327,2015-10-13 03:52:07,19.00,20.21,3695.87,590
1444708997,2015-10-13 04:03:17,19.00,19.97,3698.23,590
1444709667,2015-10-13 04:14:27,19.75,20.14,3700.27,590
1444710337,2015-10-13 04:25:37,19.25,20.06,3700.70,590
1444711007,2015-10-13 04:36:47,19.00,20.06,3702.85,589
1444711677,2015-10-13 04:47:57,20.25,20.30,3701.12,590
1444712347,2015-10-13 04:59:07,21.00,20.49,3718.63,590
1444713017,2015-10-13 05:10:17,21.25,20.49,3721.33,589
1444713688,2015-10-13 05:21:28,21.50,20.58,3729.53,590
1444714358,2015-10-13 05:32:38,21.50,20.82,3750.81,589
1444715028,2015-10-13 05:43:48,20.50,20.91,3752.61,590
1444715698,2015-10-13 05:54:58,21.00,20.92,3752.11,590
1444716369,2015-10-13 06:06:09,20.25,20.84,3758.25,592
1444717039,2015-10-13 06:17:19,20.00,20.84,3755.89,590
1444717709,2015-10-13 06:28:29,19.75,20.73,3745.63,589
1444718379,2015-10-13 06:39:39,19.75,20.75,3758.05,589
1444719049,2015-10-13 06:50:49,20.00,20.78,3756.69,590
1444719719,2015-10-13 07:01:59,20.00,20.75,3755.47,589
1444720389,2015-10-13 07:13:09,20.25,20.75,3753.41,590
1444721059,2015-10-13 07:24:19,20.00,20.75,3765.98,589
1444721729,2015-10-13 07:35:29,19.50,20.75,3763.54,589
1444722399,2015-10-13 07:46:39,19.75,20.66,3724.28,590
1444723069,2015-10-13 07:57:49,19.50,20.58,3729.97,589
1444723739,2015-10-13 08:08:59,19.50,20.58,3735.02,590
1444724409,2015-10-13 08:20:09,19.25,20.58,3736.92,590
1444725079,2015-10-13 08:31:19,19.25,20.49,3705.23,589
1444725748,2015-10-13 08:42:28,19.00,20.49,3698.35,590
1444726418,2015-10-13 08:53:38,19.00,20.40,3713.73,589
1444727088,2015-10-13 09:04:48,19.00,20.40,3722.98,590
1444727758,2015-10-13 09:15:58,19.00,20.40,3713.54,589
1444728428,2015-10-13 09:27:08,18.75,20.32,3703.66,589
1444729097,2015-10-13 09:38:17,18.75,20.32,3681.85,589
1444729767,2015-10-13 09:49:27,19.00,20.23,3655.16,590
1444730437,2015-10-13 10:00:37,19.00,20.23,3653.10,589
1444731107,2015-10-13 10:11:47,18.75,20.14,3621.17,589
1444731776,2015-10-13 10:22:56,18.75,20.14,3613.96,589
1444732446,2015-10-13 10:34:06,19.00,20.14,3638.28,589
1444733116,2015-10-13 10:45:16,18.75,20.14,3625.05,589
1444733786,2015-10-13 10:56:26,18.75,20.06,3602.96,589
1444734455,2015-10-13 11:07:35,18.75,20.06,3593.06,589
1444735125,2015-10-13 11:18:45,18.75,20.06,3591.55,589
1444735795,2015-10-13 11:29:55,18.75,20.06,3567.70,589
1444736465,2015-10-13 11:41:05,18.50,19.97,3557.69,589
1444737134,2015-10-13 11:52:14,18.50,19.97,3561.31,589
1444737804,2015-10-13 12:03:24,18.50,19.88,3536.62,589
1444738474,2015-10-13 12:14:34,18.25,19.88,3530.81,589
1444739143,2015-10-13 12:25:43,18.25,19.88,3515.51,589
1444739813,2015-10-13 12:36:53,18.25,19.86,3503.05,590
1444740482,2015-10-13 12:48:02,18.25,19.80,3486.88,589
1444741152,2015-10-13 12:59:12,18.25,19.40,3520.52,589
1444741822,2015-10-13 13:10:22,18.25,19.73,3456.55,589
1444742491,2015-10-13 13:21:31,18.00,19.71,3440.90,589
1444743161,2015-10-13 13:32:41,18.00,19.71,3427.14,589
1444743830,2015-10-13 13:43:50,18.00,19.64,3404.31,589
1444744500,2015-10-13 13:55:00,18.00,19.60,3403.78,589
1444745169,2015-10-13 14:06:09,18.00,19.59,3405.20,589
1444745839,2015-10-13 14:17:19,18.00,19.55,3409.76,589
1444746508,2015-10-13 14:28:28,18.00,19.54,3415.72,589
1444747178,2015-10-13 14:39:38,18.00,19.54,3409.67,589
1444747848,2015-10-13 14:50:48,18.00,19.54,3406.35,589
1444748517,2015-10-13 15:01:57,18.00,19.48,3392.39,589
1444749187,2015-10-13 15:13:07,18.00,19.45,3412.81,589
1444749856,2015-10-13 15:24:16,17.75,19.40,3418.00,589
1444750526,2015-10-13 15:35:26,17.75,19.41,3432.56,589
1444751195,2015-10-13 15:46:35,17.75,19.36,3428.22,589
1444751865,2015-10-13 15:57:45,17.75,19.36,3402.47,589
1444752534,2015-10-13 16:08:54,17.75,19.28,3397.39,589
1444753204,2015-10-13 16:20:04,17.75,19.28,3406.96,589
1444753873,2015-10-13 16:31:13,17.75,19.43,3458.87,589
1444754543,2015-10-13 16:42:23,17.75,19.33,3450.75,589
1444755212,2015-10-13 16:53:32,17.75,19.33,3475.31,589
1444755882,2015-10-13 17:04:42,17.75,19.45,3490.67,589
1444756551,2015-10-13 17:15:51,17.75,19.45,3494.30,589
1444757221,2015-10-13 17:27:01,17.75,19.45,3492.91,589
1444757890,2015-10-13 17:38:10,17.75,19.45,3491.07,589
1444758560,2015-10-13 17:49:20,17.75,19.45,3491.76,589
1444759229,2015-10-13 18:00:29,17.75,19.45,3489.36,589
1444759899,2015-10-13 18:11:39,17.75,19.45,3487.93,589
1444760568,2015-10-13 18:22:48,17.75,19.45,3479.07,589
1444761238,2015-10-13 18:33:58,17.75,19.45,3485.70,589
1444761907,2015-10-13 18:45:07,17.75,19.45,3484.13,589
1444762577,2015-10-13 18:56:17,17.75,19.38,3481.37,589
1444763246,2015-10-13 19:07:26,17.75,19.36,3479.84,589
1444763916,2015-10-13 19:18:36,17.75,19.36,3477.26,589
1444764585,2015-10-13 19:29:45,17.75,19.36,3474.93,589
1444765255,2015-10-13 19:40:55,17.75,19.36,3474.59,589
1444765924,2015-10-13 19:52:04,17.75,19.36,3474.05,589
1444766594,2015-10-13 20:03:14,17.75,19.36,3473.02,589
1444767263,2015-10-13 20:14:23,17.75,19.35,3459.28,589
1444767933,2015-10-13 20:25:33,17.75,19.36,3468.36,589
1444768602,2015-10-13 20:36:42,17.75,19.36,3469.09,589
1444769272,2015-10-13 20:47:52,17.75,19.36,3469.18,589
1444769941,2015-10-13 20:59:01,17.75,19.02,3472.40,589
1444770611,2015-10-13 21:10:11,17.75,19.45,3472.01,589
1444771280,2015-10-13 21:21:20,17.75,19.38,3468.22,589
1444771950,2015-10-13 21:32:30,17.75,19.36,3467.70,589
1444772619,2015-10-13 21:43:39,17.75,19.36,3466.14,589
1444773288,2015-10-13 21:54:48,17.75,19.36,3457.42,589
1444773958,2015-10-13 22:05:58,17.75,19.36,3453.20,590
1444774627,2015-10-13 22:17:07,17.75,19.36,3463.37,589
1444775297,2015-10-13 22:28:17,17.75,19.28,3465.55,589
1444775966,2015-10-13 22:39:26,17.75,19.36,3458.79,589
1444776636,2015-10-13 22:50:36,17.75,19.28,3452.78,589
1444777305,2015-10-13 23:01:45,17.75,19.28,3453.67,588
1444777975,2015-10-13 23:12:55,17.75,19.36,3455.45,589
1444778644,2015-10-13 23:24:04,17.75,19.28,3465.70,589
1444779314,2015-10-13 23:35:14,17.75,19.36,3456.96,588
1444779983,2015-10-13 23:46:23,17.75,19.36,3467.64,588
1444780653,2015-10-13 23:57:33,17.75,19.28,3462.92,589
1444781322,2015-10-14 00:08:42,17.75,19.28,3463.48,588
1444781992,2015-10-14 00:19:52,17.75,19.28,3462.45,588
1444782661,2015-10-14 00:31:01,17.75,19.28,3450.58,588
1444783331,2015-10-14 00:42:11,17.75,19.10,3459.13,588
1444784000,2015-10-14 00:53:20,17.75,19.29,3459.98,588
1444784670,2015-10-14 01:04:30,17.75,19.28,3458.61,588
1444785339,2015-10-14 01:15:39,17.75,19.12,3455.63,588
1444786009,2015-10-14 01:26:49,17.75,19.28,3458.11,588
1444786678,2015-10-14 01:37:58,17.75,19.28,3456.17,589
1444787347,2015-10-14 01:49:07,17.75,19.28,3453.39,588
1444788017,2015-10-14 02:00:17,17.75,19.28,3452.63,588
1444788686,2015-10-14 02:11:26,17.75,19.19,3451.71,588
1444789356,2015-10-14 02:22:36,17.75,19.19,3450.53,588
1444790025,2015-10-14 02:33:45,17.75,19.19,3450.39,589
1444790695,2015-10-14 02:44:55,17.75,19.19,3446.64,589
1444791364,2015-10-14 02:56:04,17.75,19.19,3422.79,588
1444792034,2015-10-14 03:07:14,18.00,19.19,3428.62,588
1444792704,2015-10-14 03:18:24,18.00,19.21,3429.11,588
1444793373,2015-10-14 03:29:33,18.25,19.28,3431.50,588
1444794043,2015-10-14 03:40:43,18.25,19.33,3432.41,588
1444794712,2015-10-14 03:51:52,18.50,19.36,3432.04,588
1444795382,2015-10-14 04:03:02,18.50,19.36,3431.91,588
1444796052,2015-10-14 04:14:12,18.75,19.45,3429.44,588
1444796721,2015-10-14 04:25:21,18.50,19.45,3427.61,588
1444797391,2015-10-14 04:36:31,18.50,19.45,3419.40,588
1444798061,2015-10-14 04:47:41,18.25,19.45,3423.24,588
1444798730,2015-10-14 04:58:50,18.75,19.54,3424.61,589
1444799400,2015-10-14 05:10:00,18.75,19.54,3427.28,588
1444800070,2015-10-14 05:21:10,18.50,19.54,3426.96,588
1444800739,2015-10-14 05:32:19,19.00,19.62,3429.11,588
1444801409,2015-10-14 05:43:29,19.00,19.62,3427.77,588
1444802079,2015-10-14 05:54:39,18.75,19.64,3431.55,588
1444802749,2015-10-14 06:05:49,18.50,19.62,3429.72,588
1444803418,2015-10-14 06:16:58,18.50,19.62,3424.28,588
1444804088,2015-10-14 06:28:08,18.50,19.62,3430.79,588
1444804758,2015-10-14 06:39:18,18.75,19.69,3432.19,588
1444805427,2015-10-14 06:50:27,19.00,19.71,3433.88,588
1444806097,2015-10-14 07:01:37,18.75,19.71,3433.36,588
1444806767,2015-10-14 07:12:47,18.75,19.71,3432.33,588
1444807436,2015-10-14 07:23:56,18.75,19.71,3434.81,588
1444808106,2015-10-14 07:35:06,19.25,19.80,3437.82,588
1444808776,2015-10-14 07:46:16,19.25,19.80,3438.65,588
1444809446,2015-10-14 07:57:26,19.25,19.88,3442.56,588
1444810116,2015-10-14 08:08:36,19.25,19.88,3437.78,588
1444810786,2015-10-14 08:19:46,19.00,19.88,3445.72,588
1444811455,2015-10-14 08:30:55,18.75,19.81,3445.47,588
1444812125,2015-10-14 08:42:05,18.75,19.80,3432.62,588
1444812795,2015-10-14 08:53:15,18.75,19.80,3443.41,588
1444813464,2015-10-14 09:04:24,18.75,19.80,3438.39,588
1444814134,2015-10-14 09:15:34,18.50,19.80,3435.43,588
1444814804,2015-10-14 09:26:44,18.75,19.80,3436.41,588
1444815473,2015-10-14 09:37:53,18.75,19.80,3433.44,588
1444816143,2015-10-14 09:49:03,18.50,19.80,3425.14,588
1444816813,2015-10-14 10:00:13,18.75,19.80,3434.54,588
1444817483,2015-10-14 10:11:23,18.75,20.23,3433.73,588
1444818152,2015-10-14 10:22:32,18.50,19.69,3432.65,588
1444818822,2015-10-14 10:33:42,18.50,19.71,3430.97,588
1444819492,2015-10-14 10:44:52,18.50,19.71,3431.96,588
1444820161,2015-10-14 10:56:01,18.50,19.71,3428.57,588
1444820831,2015-10-14 11:07:11,18.50,19.71,3426.79,588
1444821500,2015-10-14 11:18:20,18.50,19.71,3424.70,588
1444822170,2015-10-14 11:29:30,18.25,19.62,3387.62,588
1444822840,2015-10-14 11:40:40,18.25,19.62,3420.39,588
1444823509,2015-10-14 11:51:49,18.25,19.62,3422.08,588
1444824179,2015-10-14 12:02:59,18.00,19.54,3412.67,588
1444824848,2015-10-14 12:14:08,18.00,19.54,3382.86,588
1444825518,2015-10-14 12:25:18,18.00,19.45,3382.52,588
1444826187,2015-10-14 12:36:27,18.00,19.45,3378.56,588
1444826857,2015-10-14 12:47:37,17.75,19.45,3380.87,588
1444827526,2015-10-14 12:58:46,17.75,19.36,3380.20,588
1444828196,2015-10-14 13:09:56,17.75,19.36,3366.39,588
1444828865,2015-10-14 13:21:05,17.75,19.31,3375.04,588
1444829535,2015-10-14 13:32:15,17.75,19.24,3372.27,588
1444830204,2015-10-14 13:43:24,17.75,19.28,3359.56,588
1444830874,2015-10-14 13:54:34,17.75,19.21,3356.90,588
1444831543,2015-10-14 14:05:43,17.50,19.17,3333.84,588
1444832213,2015-10-14 14:16:53,17.50,19.19,3347.40,588
1444832882,2015-10-14 14:28:02,17.50,19.19,3361.58,588
1444833552,2015-10-14 14:39:12,17.50,19.19,3356.22,588
1444834221,2015-10-14 14:50:21,17.50,19.19,3347.33,588
1444834890,2015-10-14 15:01:30,17.50,19.19,3351.82,588
1444835560,2015-10-14 15:12:40,17.50,19.57,3347.65,588
1444836229,2015-10-14 15:23:49,17.50,19.10,3344.40,588
1444836899,2015-10-14 15:34:59,17.50,19.10,3343.12,588
1444837568,2015-10-14 15:46:08,17.50,19.10,3340.54,587
1444838238,2015-10-14 15:57:18,17.50,19.10,3339.24,587
1444838907,2015-10-14 16:08:27,17.50,19.10,3335.65,588
1444839576,2015-10-14 16:19:36,17.50,19.10,3333.65,588
1444840246,2015-10-14 16:30:46,17.50,19.10,3325.91,587
1444840915,2015-10-14 16:41:55,17.50,19.10,3327.89,587
1444841585,2015-10-14 16:53:05,17.50,19.10,3325.25,587
1444842254,2015-10-14 17:04:14,17.50,19.10,3323.99,588
1444842923,2015-10-14 17:15:23,17.50,19.10,3323.64,588
1444843593,2015-10-14 17:26:33,17.50,18.69,3322.24,587
1444844262,2015-10-14 17:37:42,17.50,19.09,3321.70,588
1444844932,2015-10-14 17:48:52,17.50,19.10,3325.23,588
1444845601,2015-10-14 18:00:01,17.50,19.10,3325.01,587
1444846270,2015-10-14 18:11:10,17.50,19.10,3317.95,588
1444846940,2015-10-14 18:22:20,17.50,19.10,3322.38,587
1444847609,2015-10-14 18:33:29,17.50,19.10,3320.78,587
1444848279,2015-10-14 18:44:39,17.50,19.10,3318.85,587
1444848948,2015-10-14 18:55:48,17.50,19.10,3315.33,587
1444849617,2015-10-14 19:06:57,17.50,19.10,3314.05,588
1444850287,2015-10-14 19:18:07,17.50,19.10,3312.05,587
1444850956,2015-10-14 19:29:16,17.50,19.10,3300.23,587
1444851626,2015-10-14 19:40:26,17.50,19.10,3308.60,587
1444852295,2015-10-14 19:51:35,17.50,19.02,3306.55,587
1444852964,2015-10-14 20:02:44,17.50,19.02,3296.90,587
1444853634,2015-10-14 20:13:54,17.50,19.02,3300.65,587
1444854303,2015-10-14 20:25:03,17.25,18.98,3296.79,587
1444854973,2015-10-14 20:36:13,17.25,18.93,3292.53,587
1444855642,2015-10-14 20:47:22,17.25,18.93,3287.68,587
1444856311,2015-10-14 20:58:31,17.25,18.93,3283.60,587
1444856981,2015-10-14 21:09:41,17.25,18.93,3281.03,587
1444857650,2015-10-14 21:20:50,17.25,18.93,3279.90,587
1444858319,2015-10-14 21:31:59,17.25,18.93,3278.93,587
1444858989,2015-10-14 21:43:09,17.25,18.93,3271.41,588
1444859658,2015-10-14 21:54:18,17.25,18.84,3276.66,587
1444860327,2015-10-14 22:05:27,17.25,18.84,3273.67,587
1444860997,2015-10-14 22:16:37,17.25,18.84,3271.82,587
1444861666,2015-10-14 22:27:46,17.25,18.84,3270.70,587
1444862335,2015-10-14 22:38:55,17.25,18.84,3271.42,587
1444863005,2015-10-14 22:50:05,17.25,18.84,3270.71,587
1444863674,2015-10-14 23:01:14,17.25,18.84,3267.83,587
1444864343,2015-10-14 23:12:23,17.25,18.84,3267.26,587
1444865013,2015-10-14 23:23:33,17.25,18.79,3258.41,588
1444865682,2015-10-14 23:34:42,17.25,18.76,3262.22,587
1444866351,2015-10-14 23:45:51,17.25,18.76,3264.09,587
1444867021,2015-10-14 23:57:01,17.25,18.77,3254.15,587
1444867690,2015-10-15 00:08:10,17.25,18.76,3264.15,587
1444868359,2015-10-15 00:19:19,17.25,18.77,3264.37,588
1444869029,2015-10-15 00:30:29,17.25,18.77,3262.73,587
1444869698,2015-10-15 00:41:38,17.25,18.76,3258.78,587
1444870367,2015-10-15 00:52:47,17.00,18.76,3259.20,587
1444871037,2015-10-15 01:03:57,17.25,18.76,3252.51,587
1444871706,2015-10-15 01:15:06,17.25,18.76,3264.09,587
1444872375,2015-10-15 01:26:15,17.25,18.84,3266.43,587
1444873045,2015-10-15 01:37:25,17.25,18.84,3269.62,587
1444873714,2015-10-15 01:48:34,17.25,18.67,3270.12,587
1444874383,2015-10-15 01:59:43,17.25,18.84,3269.47,587
1444875053,2015-10-15 02:10:53,17.25,18.84,3267.96,587
1444875722,2015-10-15 02:22:02,17.25,18.84,3267.93,587
1444876391,2015-10-15 02:33:11,17.50,18.84,3268.72,587
1444877061,2015-10-15 02:44:21,17.50,18.84,3261.25,587
1444877730,2015-10-15 02:55:30,17.50,18.79,3266.55,587
1444878400,2015-10-15 03:06:40,17.50,18.89,3274.41,587
1444879069,2015-10-15 03:17:49,17.75,18.98,3281.21,587
1444879739,2015-10-15 03:28:59,18.25,19.10,3286.44,587
1444880408,2015-10-15 03:40:08,18.50,19.10,3288.81,587
1444881078,2015-10-15 03:51:18,18.75,19.19,3294.92,587
1444881747,2015-10-15 04:02:27,19.00,19.28,3294.39,587
1444882417,2015-10-15 04:13:37,19.25,19.59,3300.99,587
1444883087,2015-10-15 04:24:47,19.25,19.36,3282.20,587
1444883757,2015-10-15 04:35:57,19.50,19.45,3294.90,587
1444884427,2015-10-15 04:47:07,19.50,19.54,3301.83,587
1444885097,2015-10-15 04:58:17,19.50,19.54,3301.35,587
1444885766,2015-10-15 05:09:26,19.75,19.60,3310.80,587
1444886436,2015-10-15 05:20:36,19.75,19.62,3315.83,587
1444887106,2015-10-15 05:31:46,20.00,19.71,3323.09,587
1444887776,2015-10-15 05:42:56,20.00,19.81,3300.38,587
1444888446,2015-10-15 05:54:06,20.00,19.88,3293.75,587
1444889116,2015-10-15 06:05:16,20.25,19.97,3283.75,587
1444889786,2015-10-15 06:16:26,20.25,19.97,3305.77,587
1444890456,2015-10-15 06:27:36,20.50,20.14,3316.29,587
1444891126,2015-10-15 06:38:46,20.75,20.23,3317.60,587
1444891797,2015-10-15 06:49:57,20.75,20.23,3315.33,587
1444892467,2015-10-15 07:01:07,21.00,20.06,3299.32,587
1444893137,2015-10-15 07:12:17,20.75,20.06,3305.98,587
1444893807,2015-10-15 07:23:27,20.75,20.14,3310.99,587
1444894477,2015-10-15 07:34:37,21.00,20.66,3349.19,587
1444895147,2015-10-15 07:45:47,20.75,20.40,3324.60,587
1444895818,2015-10-15 07:56:58,19.75,20.19,3323.67,587
1444896487,2015-10-15 08:08:07,19.75,20.66,3368.05,586
1444897158,2015-10-15 08:19:18,20.50,20.16,3344.15,587
1444897828,2015-10-15 08:30:28,20.75,20.11,3307.93,587
1444898498,2015-10-15 08:41:38,20.75,20.14,3293.67,586
1444899168,2015-10-15 08:52:48,20.25,20.25,3318.70,587
1444899838,2015-10-15 09:03:58,20.25,20.23,3347.15,587
1444900508,2015-10-15 09:15:08,20.75,20.40,3352.18,586
1444901178,2015-10-15 09:26:18,20.75,20.40,3351.59,587
1444901848,2015-10-15 09:37:28,20.25,19.88,3220.92,587
1444902518,2015-10-15 09:48:38,20.25,20.26,3315.56,587
1444903188,2015-10-15 09:59:48,20.25,20.40,3328.03,587
1444903859,2015-10-15 10:10:59,20.25,20.18,3321.28,586
1444904529,2015-10-15 10:22:09,20.00,20.42,3180.76,587
1444905199,2015-10-15 10:33:19,20.00,20.32,3354.29,586
1444905869,2015-10-15 10:44:29,20.00,20.32,3289.49,587
1444906539,2015-10-15 10:55:39,19.75,19.88,3287.08,586
1444907209,2015-10-15 11:06:49,19.50,20.32,3284.99,587
1444907878,2015-10-15 11:17:58,19.00,19.99,3249.22,587
1444908548,2015-10-15 11:29:08,18.50,19.95,3246.82,586
1444909218,2015-10-15 11:40:18,18.50,19.88,3211.69,586
